Location,DF_Market,TMO,Flavor,Taste,Thickness,Length,PMI SKU,Cluster SKU
Dresden,Germany,PMI,Regular,Full Flavor,STD,KS,1,6
Curacao,Curazao,PMI,Regular,Full Flavor,SLI,KS,1,0
Santiago Arturo Merino Benitez,Chile,PMI,Menthol Caps,Full Flavor,STD,KS,1,0
Kota Kinabalu,Malaysia,PMI,Menthol,Full Flavor,STD,KS,1,1
Lima,Peru,PMI,Menthol Caps,Full Flavor,STD,KS,1,0
Cologne,Germany,PMI,Regular,Full Flavor,STD,KS,1,5
Rome Fiumicino,Italy,PMI,Regular,Full Flavor,STD,KS,1,8
Zurich,Switzerland,PMI,Menthol Caps,Full Flavor,STD,KS,1,1
Jeju,South Korea,PMI,NTD Caps,Full Flavor,STD,KS,1,5
Lulea,Sweden,PMI,Regular,Full Flavor,STD,KS,1,3
Kilimanjaro,Tanzania,PMI,Regular,Full Flavor,STD,KS,1,2
Amman,Jordan,PMI,Regular,Full Flavor,STD,KS,1,2
St. Petersburg Pulkovo,Russia,PMI,Regular,Full Flavor,STD,KS,1,7
Tunis,Tunisia,PMI,Menthol Caps,Full Flavor,STD,KS,1,2
Dubai,United Arab Emirates,PMI,NTD Caps,Full Flavor,STD,KS,1,3
Accra,Ghana,PMI,Menthol Caps,Full Flavor,STD,KS,1,0
Basseterre (Saint Kitts),Caribbean Other,PMI,Menthol Caps,Full Flavor,STD,KS,1,1
Cairo,Egypt,PMI,Regular,Full Flavor,SLI,KS,1,1
Moscow - Domodedovo,Russia,PMI,Regular,Full Flavor,STD,KS,1,7
Cam Ranh,Vietnam,PMI,Regular,Full Flavor,STD,KS,1,1
Johor Bahru,Malaysia,PMI,Regular,Full Flavor,STD,KS,1,2
Jomo Kenyatta,Kenya,PMI,Menthol,Full Flavor,STD,KS,1,0
Bologna,Italy,PMI,Regular,Full Flavor,STD,KS,1,8
Grenoble,France,PMI,Regular,Full Flavor,SLI,KS,1,2
Sevilla,Spain,PMI,Regular,Full Flavor,STD,KS,1,6
Gabon,Gabon,PMI,Regular,Full Flavor,STD,KS,1,0
Kos,Greece,PMI,Regular,Full Flavor,STD,KS,1,9
Bari,Italy,PMI,Regular,Full Flavor,SLI,KS,1,3
Natal,Brazil,PMI,Menthol Caps,Full Flavor,STD,KS,1,2
Agadir,Morocco,PMI,Menthol,Full Flavor,STD,KS,1,1
Vientiane,Laos,PMI,NTD Caps,Full Flavor,STD,KS,1,0
Denizli Cardak Airport,Turkey,PMI,Menthol Caps,Full Flavor,STD,KS,1,5
Sihanoukville,Cambodia,PMI,Menthol Caps,Full Flavor,STD,KS,1,1
Asyut,Egypt,PMI,NTD Caps,Full Flavor,STD,KS,1,1
Kralendijk (Bonaire),Caribbean Other,PMI,Menthol Caps,Full Flavor,STD,KS,1,1
Geneva,Switzerland,PMI,Regular,Full Flavor,STD,KS,1,2
Beauvais,France,PMI,Regular,Full Flavor,SLI,KS,1,2
Ho Chi Minh,Vietnam,PMI,NTD Caps,Full Flavor,STD,KS,1,1
Shanghai Hongqiao,China,PMI,Regular,Full Flavor,STD,KS,1,7
Gerona,Spain DP,PMI,Regular,Full Flavor,SLI,KS,1,2
Leeds Bradford,Great Britain,PMI,Regular,Full Flavor,STD,KS,1,5
Managua,Nicaragua,PMI,NTD Caps,Full Flavor,STD,KS,1,0
Humberside,Great Britain,PMI,Regular,Full Flavor,SLI,KS,1,3
Shannon,Ireland,PMI,Regular,Full Flavor,STD,KS,1,1
Sharjah,United Arab Emirates,PMI,Regular,1mg,STD,KS,1,2
Medellin Jose Maria Cordova,Colombia,PMI,Menthol Caps,Full Flavor,STD,KS,1,2
Yantai Penglai,China,PMI,Menthol,Full Flavor,STD,KS,1,3
Aomori,Japan,PMI,NTD Caps,Full Flavor,STD,KS,1,6
Valencia,Spain,PMI,Regular,Full Flavor,SLI,KS,1,2
Bamako,Mali,PMI,Regular,Full Flavor,SLI,KS,1,0
Brisbane,Australia,PMI,Menthol Caps,Full Flavor,STD,KS,1,2
Rio de Janeiro,Brazil,PMI,NTD Caps,Full Flavor,STD,KS,1,3
Belize City,Belize,PMI,Menthol,Full Flavor,STD,KS,1,0
Helsinki-Vantaa,Finland,PMI,Regular,Full Flavor,SLI,KS,1,0
Essaouira,Morocco,PMI,Menthol Caps,Full Flavor,STD,KS,1,1
Marseille,France,PMI,Regular,Full Flavor,STD,KS,1,7
Stockholm Arlanda,Sweden,PMI,Regular,Full Flavor,STD,KS,1,3
Quanzhou,China,PMI,NTD Caps,Full Flavor,STD,KS,1,6
PRISTINA,Kosovo,PMI,Regular,Full Flavor,SLI,KS,1,0
Santiago Arturo Merino Benitez,Chile,PMI,Regular,Full Flavor,SLI,KS,1,0
Madrid Barajas,Spain DP,PMI,Regular,Full Flavor,SLI,KS,1,2
Macau,Macau,PMI,NTD Caps,Full Flavor,STD,KS,1,0
Tokyo - Narita,Japan,PMI,NTD Caps,Full Flavor,STD,KS,1,6
Salvador,Brazil,PMI,Regular,Full Flavor,SLI,KS,1,2
Asuncion Silvio Petterossi,Paraguay,PMI,Menthol Caps,Full Flavor,STD,KS,1,0
Entebbe,Uganda,PMI,Regular,Full Flavor,STD,KS,1,0
Chengdu Tianfu,China,PMI,Regular,Full Flavor,STD,KS,1,7
Sharm El Sheikh,Egypt,PMI,Menthol Caps,Full Flavor,STD,KS,1,1
Cheongju,South Korea,PMI,Regular,Full Flavor,SLI,KS,1,2
Luanda,Angola,PMI,Menthol Caps,Full Flavor,STD,KS,1,0
Birmingham,Great Britain,PMI,Regular,Full Flavor,STD,KS,1,5
Curacao,Curazao,PMI,NTD Caps,Full Flavor,STD,KS,1,0
Istanbul Airport,Turkey,PMI,NTD Caps,Full Flavor,STD,KS,1,11
Brasilia,Brazil,PMI,Menthol Caps,Full Flavor,STD,KS,1,2
East Midlands,Great Britain,PMI,Regular,Full Flavor,STD,KS,1,5
Soekarno Hatta,Indonesia,PMI,NTD Caps,Full Flavor,STD,KS,1,1
Norwich,Great Britain,PMI,Regular,Full Flavor,STD,KS,1,5
Kaunas,Lithuania,PMI,Regular,Full Flavor,SLI,KS,1,1
Paris Charles De Gaulle,France,PMI,Regular,Lights,STD,KS,1,2
Praia,Cape Verde,PMI,Menthol,Full Flavor,STD,KS,1,1
Jerez De La Frontera,Spain DP,PMI,Regular,Full Flavor,STD,KS,1,7
Lyon Saint Exupery,France,PMI,Regular,Full Flavor,STD,KS,1,7
Pengsheng,China,PMI,Menthol,Full Flavor,STD,KS,1,3
Oslo,Norway,PMI,Regular,Full Flavor,SLI,KS,1,1
Ngurah Rai,Indonesia,PMI,NTD Caps,Full Flavor,STD,KS,1,1
Salvador,Brazil,PMI,Regular,Full Flavor,STD,KS,1,5
London Heathrow,Great Britain,PMI,Regular,Full Flavor,STD,KS,1,5
Singapore - Changi,Singapore,PMI,Menthol Caps,Full Flavor,STD,KS,1,0
Moscow - Sheremetyevo,Russia,PMI,Regular,Full Flavor,STD,KS,1,7
Sofia,Bulgaria,PMI,Regular,Full Flavor,SLI,KS,1,1
Geneva,Switzerland,PMI,NTD Caps,Full Flavor,STD,KS,1,2
Ras El Khaymah,United Arab Emirates,PMI,NTD Caps,Full Flavor,STD,KS,1,3
Shenyang Taoxian,China,PMI,Menthol Caps,Full Flavor,STD,KS,1,4
Bremen,Germany,PMI,Regular,Full Flavor,STD,KS,1,6
Sao Paulo - Guarulhos,Brazil,PMI,Regular,Full Flavor,SLI,KS,1,2
La Paz Manuel Marquez de Leon,Mexico,PMI,Regular,Full Flavor,STD,KS,1,5
Fukuoka,Japan,PMI,Menthol,Full Flavor,STD,KS,1,4
Munster-Osnabruck,Germany,PMI,Regular,Full Flavor,STD,KS,1,6
Mykonos,Greece,PMI,Regular,Full Flavor,STD,KS,1,9
Ioannina,Greece,PMI,Regular,Full Flavor,SLI,KS,1,8
Montego Bay,Jamaica,PMI,Regular,Full Flavor,SLI,KS,1,1
Paris Orly,France,PMI,Regular,Full Flavor,SLI,KS,1,2
Pointe-a-Pitre,Guadalupe,PMI,Regular,Full Flavor,STD,KS,1,0
Medina,Saudi Arabia,PMI,NTD Caps,Full Flavor,STD,KS,1,3
Buenos Aires Aeroparque,Argentina,PMI,Regular,Full Flavor,SLI,KS,1,2
Olsztyn,Poland,PMI,Regular,Full Flavor,SLI,KS,1,2
Durban,South Africa,PMI,Menthol Caps,Full Flavor,STD,KS,1,1
Windhoek,Namibia,PMI,Regular,Full Flavor,SLI,KS,1,0
Qingdao Liuting,China,PMI,NTD Caps,Full Flavor,STD,KS,1,6
Seoul,South Korea,PMI,Regular,Full Flavor,SLI,KS,1,2
Yantai Penglai,China,PMI,Menthol Caps,Full Flavor,STD,KS,1,4
Abu Dhabi,United Arab Emirates,PMI,Regular,Lights,STD,KS,1,2
Aberdeen,Great Britain,PMI,Regular,Full Flavor,SLI,KS,1,3
Ningbo Lishe,China,PMI,Menthol,Full Flavor,STD,KS,1,3
Hefei Xinqiao,China,PMI,Menthol,Full Flavor,STD,KS,1,3
Naha,Japan,PMI,NTD Caps,Full Flavor,STD,KS,1,6
Santiago De Compostela,Spain DP,PMI,Regular,Full Flavor,SLI,KS,1,2
Sharjah,United Arab Emirates,PMI,Regular,Full Flavor,STD,KS,1,2
Paris Orly,France DP,PMI,Regular,Lights,STD,KS,1,2
Daegu,South Korea,PMI,NTD Caps,Full Flavor,STD,KS,1,5
Phu Quok,Vietnam,PMI,Regular,Full Flavor,STD,KS,1,1
Glasgow Prestwick,Great Britain,PMI,Regular,Full Flavor,SLI,KS,1,2
Enfidha,Tunisia,PMI,Menthol Caps,Full Flavor,STD,KS,1,2
Taiyuan Wusu,China,PMI,Menthol Caps,Full Flavor,STD,KS,1,4
Daegu,South Korea,PMI,Menthol Caps,Full Flavor,STD,KS,1,2
Qingdao Liuting,China,PMI,Menthol,Full Flavor,STD,KS,1,3
Soekarno Hatta,Indonesia,PMI,Regular,Full Flavor,STD,KS,1,1
Dubai,United Arab Emirates,PMI,Regular,Lights,STD,KS,1,2
Torino,Italy,PMI,Regular,Full Flavor,STD,KS,1,8
Singapore - Changi,Singapore,PMI,NTD Caps,Full Flavor,STD,KS,1,0
Tel-Aviv,Israel,PMI,NTD Caps,Full Flavor,STD,KS,1,0
Billund,Denmark,PMI,Regular,Full Flavor,STD,KS,1,3
Hamburg,Germany,PMI,Regular,Full Flavor,SLI,KS,1,5
Xiamen Gaoqi,China,PMI,Regular,Full Flavor,STD,KS,1,7
Antalya Gazipasa Airport,Turkey,PMI,Regular,Full Flavor,STD,KS,1,14
Beijing,China,PMI,Regular,Full Flavor,STD,KS,1,7
Thessaloniki,Greece,PMI,Regular,Full Flavor,SLI,KS,1,8
A Coruna,Spain,PMI,Regular,Full Flavor,SLI,KS,1,2
Rabil,Cape Verde,PMI,Regular,Full Flavor,STD,KS,1,1
Accra,Ghana,PMI,NTD Caps,Full Flavor,STD,KS,1,0
Moscow - Domodedovo,Russia,PMI,NTD Caps,Full Flavor,STD,KS,1,1
Wuxi Shuofang,China,PMI,Regular,Full Flavor,STD,KS,1,7
Tarbes - Lourdes,France DP,PMI,Regular,Full Flavor,SLI,KS,1,1
Oita,Japan,PMI,NTD Caps,Full Flavor,STD,KS,1,6
Punta del Este,Uruguay,PMI,Regular,Full Flavor,STD,KS,1,1
Santiago Cibao,Dominican Republic,PMI,Regular,Full Flavor,SLI,KS,1,2
Vienna,Austria,PMI,Regular,Full Flavor,STD,KS,1,1
Trondheim,Norway,PMI,NTD Caps,Full Flavor,STD,KS,1,1
Belgrade,Serbia,PMI,Regular,Full Flavor,STD,KS,1,1
Guadalajara,Mexico,PMI,Regular,Full Flavor,SLI,KS,1,2
Samana El Catey,Dominican Republic,PMI,Menthol Caps,Full Flavor,STD,KS,1,2
East Midlands,Great Britain,PMI,Regular,Full Flavor,SLI,KS,1,3
Salalah,Oman,PMI,Menthol Caps,Full Flavor,STD,KS,1,1
Osaka - Kansai,Japan,PMI,NTD Caps,Full Flavor,STD,KS,1,6
Bologna,Italy,PMI,Regular,Full Flavor,SLI,KS,1,3
Qingdao Liuting,China,PMI,Regular,Full Flavor,STD,KS,1,7
Aarhus,Denmark,PMI,Regular,Full Flavor,STD,KS,1,3
Hurgada,Egypt,PMI,NTD Caps,Full Flavor,STD,KS,1,1
Accra,Ghana,PMI,Regular,Full Flavor,SLI,KS,1,0
Ningbo Lishe,China,PMI,Menthol Caps,Full Flavor,STD,KS,1,4
Penang,Malaysia,PMI,Menthol Caps,Full Flavor,STD,KS,1,1
Milan - Linate,Italy,PMI,Regular,Full Flavor,SLI,KS,1,3
Bogota,Colombia,PMI,NTD Caps,Full Flavor,STD,KS,1,1
Montpellier,France,PMI,Regular,Full Flavor,STD,KS,1,7
Cork,Ireland,PMI,Regular,Full Flavor,SLI,KS,1,2
Barcelona,Spain DP,PMI,Regular,Full Flavor,STD,KS,1,7
Melbourne,Australia,PMI,Regular,Full Flavor,STD,KS,1,3
Kuwait,Kuwait,PMI,Regular,Full Flavor,SLI,KS,1,0
Nis,Serbia,PMI,Regular,Full Flavor,SLI,KS,1,1
Palma De Mallorca,Spain DP,PMI,Regular,Full Flavor,SLI,KS,1,2
Casablanca,Morocco,PMI,Regular,Full Flavor,STD,KS,1,5
Sarajevo,Bosnia-Herzegovinia,PMI,Regular,Full Flavor,SLI,KS,1,2
Auckland,New Zealand,PMI,Menthol Caps,Full Flavor,STD,KS,1,1
Danang,Vietnam,PMI,NTD Caps,Full Flavor,STD,KS,1,2
Santiago Cibao,Dominican Republic,PMI,Menthol,Full Flavor,STD,KS,1,2
Indira Gandhi,India,PMI,Regular,Full Flavor,SLI,KS,1,2
Lusaka,Zambia,PMI,Menthol Caps,Full Flavor,STD,KS,1,0
Liverpool,Great Britain,PMI,Regular,Full Flavor,STD,KS,1,5
Dubai,United Arab Emirates,PMI,Regular,Full Flavor,SLI,KS,1,1
Helsinki-Vantaa,Finland,PMI,Regular,Full Flavor,STD,KS,1,0
Kuala Lumpur,Malaysia,PMI,Regular,Full Flavor,SLI,KS,1,1
London Gatwick,Great Britain,PMI,Regular,Full Flavor,SLI,KS,1,3
Dalaman Airport,Turkey,PMI,Regular,Full Flavor,SLI,KS,1,8
Kunming Wujiaba,China,PMI,Regular,Full Flavor,STD,KS,1,7
Seoul,South Korea,PMI,Menthol Caps,Full Flavor,STD,KS,1,2
Colombo,Sri Lanka,PMI,Regular,Full Flavor,STD,KS,1,0
Bremen,Germany,PMI,Regular,Full Flavor,SLI,KS,1,4
Almeria,Spain,PMI,Regular,Full Flavor,SLI,KS,1,2
Belgrade,Serbia,PMI,Regular,Full Flavor,SLI,KS,1,1
Puerto Vallarta,Mexico,PMI,Regular,Full Flavor,SLI,KS,1,2
Mazatlan,Mexico,PMI,Regular,Full Flavor,STD,KS,1,5
Quanzhou,China,PMI,Regular,Full Flavor,STD,KS,1,7
Diyarbakir Airport,Turkey,PMI,Regular,Full Flavor,STD,KS,1,14
Chengdu Tianfu,China,PMI,Menthol,Full Flavor,STD,KS,1,3
Lille,France,PMI,Regular,Full Flavor,STD,KS,1,7
Manas,Kyrgyzstan,PMI,Regular,Full Flavor,SLI,KS,1,0
Beirut - Rafik Hariri,Lebanon,PMI,Regular,Full Flavor,STD,KS,1,0
Trabzon Airport,Turkey,PMI,Regular,Full Flavor,SLI,KS,1,8
Izmir Airport,Turkey,PMI,NTD Caps,Full Flavor,STD,KS,1,11
Alexandria,Egypt,PMI,Menthol Caps,Full Flavor,STD,KS,1,1
Nuernberg,Germany,PMI,Regular,Full Flavor,STD,KS,1,6
Wuxi Shuofang,China,PMI,NTD Caps,Full Flavor,STD,KS,1,6
Bari,Italy,PMI,Regular,Full Flavor,STD,KS,1,8
Genoa,Italy,PMI,Regular,Full Flavor,STD,KS,1,7
Taipei - Taoyuan,Taiwan,PMI,Menthol,Full Flavor,STD,KS,1,1
Perth,Australia,PMI,NTD Caps,Full Flavor,STD,KS,1,3
Kutaisi,Georgia,PMI,Regular,Full Flavor,STD,KS,1,2
Samsun Airport,Turkey,PMI,Regular,Lights,STD,KS,1,1
Nantes,France,PMI,Regular,Full Flavor,SLI,KS,1,2
Quito,Ecuador,PMI,Regular,Full Flavor,STD,KS,1,1
Moscow - Vnukovo,Russia,PMI,Menthol Caps,Full Flavor,STD,KS,1,1
Stuttgart,Germany,PMI,Regular,Full Flavor,SLI,KS,1,5
Mitilini,Greece,PMI,Regular,Full Flavor,SLI,KS,1,8
Queretaro,Mexico,PMI,Menthol Caps,Full Flavor,STD,KS,1,3
Jerez De La Frontera,Spain,PMI,Regular,Full Flavor,STD,KS,1,7
Ningbo Lishe,China,PMI,Regular,Full Flavor,STD,KS,1,7
Volgograd,Russia,PMI,Regular,Full Flavor,STD,KS,1,7
Antigua,Caribbean Other,PMI,Regular,Full Flavor,STD,KS,1,3
Diyarbakir Airport,Turkey,PMI,Menthol Caps,Full Flavor,STD,KS,1,5
Dresden,Germany,PMI,Regular,Full Flavor,SLI,KS,1,4
Glasgow,Great Britain,PMI,Regular,Full Flavor,STD,KS,1,5
Fortaleza,Brazil,PMI,NTD Caps,Full Flavor,STD,KS,1,3
Curacao,Curazao,PMI,Regular,Full Flavor,STD,KS,1,0
Doha,Qatar,PMI,Regular,Ultralights,STD,KS,1,0
Bergen,Norway,PMI,Menthol Caps,Full Flavor,STD,KS,1,1
Rabat,Morocco,PMI,NTD Caps,Full Flavor,STD,KS,1,6
Djibouti,Djibouti,PMI,NTD Caps,Full Flavor,STD,KS,1,0
Bilbao,Spain,PMI,Regular,Full Flavor,STD,KS,1,7
Rotterdam,Netherlands,PMI,Regular,Full Flavor,SLI,KS,1,2
Bridgetown,Barbados,PMI,Menthol,Full Flavor,STD,KS,1,0
Agadir,Morocco,PMI,Regular,Full Flavor,SLI,KS,1,1
London Stansted,Great Britain,PMI,Regular,Full Flavor,STD,KS,1,5
Tarbes - Lourdes,France,PMI,Regular,Lights,STD,KS,1,2
Duesseldorf,Germany,PMI,Regular,Full Flavor,STD,KS,1,6
Johor Bahru,Malaysia,PMI,Menthol,Full Flavor,SLI,KS,1,1
Bogota,Colombia,PMI,Regular,Full Flavor,STD,KS,1,1
Colombo,Sri Lanka,PMI,Regular,Full Flavor,SLI,KS,1,0
Queenstown,New Zealand,PMI,Regular,Full Flavor,STD,KS,1,1
Lublin,Poland,PMI,Regular,Full Flavor,STD,KS,1,6
Chengdu Tianfu,China,PMI,NTD Caps,Full Flavor,STD,KS,1,6
Aqaba,Jordan,PMI,Regular,Full Flavor,SLI,KS,1,2
Vilnius,Lithuania,PMI,Regular,Full Flavor,STD,KS,1,1
Tokyo - Haneda,Japan,PMI,Regular,Full Flavor,STD,KS,1,9
Samana El Catey,Dominican Republic,PMI,NTD Caps,Full Flavor,STD,KS,1,3
Buenos Aires Aeroparque,Argentina,PMI,NTD Caps,Full Flavor,STD,KS,1,1
Cayenne,French Guyana,PMI,Regular,Full Flavor,SLI,KS,1,0
Paris Orly,France DP,PMI,Regular,Full Flavor,STD,KS,1,9
Astana,Kazakhstan,PMI,Regular,Full Flavor,STD,KS,1,1
Zakynthos,Greece,PMI,Regular,Full Flavor,SLI,KS,1,8
Jersey,Great Britain,PMI,Regular,Full Flavor,STD,KS,1,4
Malaga,Spain,PMI,Regular,Full Flavor,SLI,KS,1,2
Cochin,India,PMI,NTD Caps,Full Flavor,STD,KS,1,2
Manama,Bahrain,PMI,NTD Caps,Full Flavor,STD,KS,1,0
Marseille,France DP,PMI,Regular,Full Flavor,STD,KS,1,9
Hiroshima,Japan,PMI,Regular,Full Flavor,STD,KS,1,9
Yangyang,South Korea,PMI,Regular,Lights,SLI,KS,1,1
Durban,South Africa,PMI,NTD Caps,Full Flavor,STD,KS,1,1
Sharm El Sheikh,Egypt,PMI,Regular,Full Flavor,STD,KS,1,4
Cukurova Airport,Turkey,PMI,NTD Caps,Full Flavor,STD,KS,1,11
Aalborg,Denmark,PMI,Regular,Full Flavor,SLI,KS,1,2
Stavanger,Norway,PMI,Regular,Full Flavor,SLI,KS,1,1
Krakow Balice,Poland,PMI,Regular,Full Flavor,STD,KS,1,6
Tunis,Tunisia,PMI,Regular,Full Flavor,STD,KS,1,5
Stuttgart,Germany,PMI,Regular,Full Flavor,STD,KS,1,5
Manchester,Great Britain,PMI,Regular,Full Flavor,STD,KS,1,5
Cam Ranh,Vietnam,PMI,Menthol,Full Flavor,STD,KS,1,1
Cairns,Australia,PMI,Regular,Full Flavor,STD,KS,1,3
Lagos,Nigeria,PMI,Regular,Full Flavor,SLI,KS,1,1
Yangon,Myanmar,PMI,Menthol Caps,Full Flavor,STD,KS,1,1
Tunis,Tunisia,PMI,NTD Caps,Full Flavor,STD,KS,1,3
Montego Bay,Jamaica,PMI,Menthol Caps,Full Flavor,STD,KS,1,1
Shenyang Taoxian,China,PMI,Menthol,Full Flavor,STD,KS,1,3
Gerona,Spain DP,PMI,Regular,Full Flavor,STD,KS,1,7
Rzeszow,Poland,PMI,Regular,Full Flavor,STD,KS,1,6
Bournemouth,Great Britain,PMI,Regular,Full Flavor,SLI,KS,1,3
Dubai,United Arab Emirates,PMI,Regular,Full Flavor,STD,KS,1,1
Hebei,China,PMI,Menthol,Full Flavor,STD,KS,1,3
Naha,Japan,PMI,Menthol,Full Flavor,STD,KS,1,4
PRISTINA,Kosovo,PMI,Regular,Full Flavor,STD,KS,1,0
Nanchang Changbei,China,PMI,Regular,Full Flavor,STD,KS,1,7
Warsaw,Poland,PMI,Regular,Full Flavor,SLI,KS,1,2
Lublin,Poland,PMI,Regular,Full Flavor,SLI,KS,1,2
Fukuoka,Japan,PMI,NTD Caps,Full Flavor,STD,KS,1,6
Hurgada,Egypt,PMI,Menthol Caps,Full Flavor,STD,KS,1,1
Glasgow,Great Britain,PMI,Regular,Full Flavor,SLI,KS,1,3
Lyon Saint Exupery,France DP,PMI,Regular,Full Flavor,SLI,KS,1,2
Marseille,France,PMI,Regular,Lights,STD,KS,1,2
Penang,Malaysia,PMI,Menthol,Full Flavor,STD,KS,1,1
Medellin Jose Maria Cordova,Colombia,PMI,Regular,Full Flavor,SLI,KS,1,1
Viracopos,Brazil,PMI,NTD Caps,Full Flavor,STD,KS,1,3
Jeju,South Korea,PMI,Regular,Full Flavor,SLI,KS,1,2
Johannesburg,South Africa,PMI,Regular,Full Flavor,STD,KS,1,1
Queretaro,Mexico,PMI,Menthol,Full Flavor,STD,KS,1,1
Marrakech,Morocco,PMI,NTD Caps,Full Flavor,STD,KS,1,6
Olsztyn,Poland,PMI,Regular,Full Flavor,STD,KS,1,6
Monastir,Tunisia,PMI,Regular,Full Flavor,SLI,KS,1,1
Antalya Airport,Turkey,PMI,Regular,Full Flavor,SLI,KS,1,8
Hohhot Baita,China,PMI,NTD Caps,Full Flavor,STD,KS,1,6
Muan,South Korea,PMI,Regular,Lights,SLI,KS,1,1
Busan - Kimhae,South Korea,PMI,NTD Caps,Full Flavor,STD,KS,1,5
Nanjing Lukou,China,PMI,Regular,Full Flavor,STD,KS,1,7
Asuncion Silvio Petterossi,Paraguay,PMI,NTD Caps,Full Flavor,STD,KS,1,0
St. Maarten Princess Juliana,Saint Marteen (NL),PMI,Regular,Full Flavor,STD,KS,1,0
Lyon Saint Exupery,France,PMI,Regular,Lights,STD,KS,1,2
Ohrid,Macedonia,PMI,Regular,Full Flavor,STD,KS,1,1
Hohhot Baita,China,PMI,Menthol Caps,Full Flavor,STD,KS,1,4
Everrich Downtown Kinmen,Taiwan,PMI,Menthol,Full Flavor,STD,KS,1,1
Hyderabad,India,PMI,Regular,Full Flavor,STD,KS,1,4
Guatemala City,Guatemala,PMI,Menthol,Full Flavor,STD,KS,1,0
Santorini,Greece,PMI,Regular,Full Flavor,SLI,KS,1,8
London Heathrow,Great Britain,PMI,Regular,Full Flavor,SLI,KS,1,3
Ciampino Airport,Italy,PMI,Regular,Full Flavor,STD,KS,1,7
Zhengzhou Xinzheng,China,PMI,NTD Caps,Full Flavor,STD,KS,1,6
Wuhan Tianhe,China,PMI,Regular,Full Flavor,STD,KS,1,7
Hefei Xinqiao,China,PMI,Menthol Caps,Full Flavor,STD,KS,1,4
Medellin Jose Maria Cordova,Colombia,PMI,Regular,Full Flavor,STD,KS,1,2
Astrakhan,Russia,PMI,Regular,Full Flavor,STD,KS,1,7
Oita,Japan,PMI,Regular,Full Flavor,STD,KS,1,9
Shanghai Hongqiao,China,PMI,Menthol,Full Flavor,STD,KS,1,3
Faroe Islands,Denmark,PMI,Regular,Full Flavor,STD,KS,1,2
Santiago Cibao,Dominican Republic,PMI,NTD Caps,Full Flavor,STD,KS,1,3
Guatemala City,Guatemala,PMI,Regular,Full Flavor,STD,KS,1,0
Cukurova Airport,Turkey,PMI,Regular,Full Flavor,SLI,KS,1,8
Porto Alegre,Brazil,PMI,NTD Caps,Full Flavor,STD,KS,1,3
Eskisehir Airport,Turkey,PMI,Regular,Full Flavor,STD,KS,1,14
Espargos,Cape Verde,PMI,Menthol,Full Flavor,STD,KS,1,1
Adelaide,Australia,PMI,Menthol Caps,Full Flavor,STD,KS,1,2
Trabzon Airport,Turkey,PMI,Regular,Lights,STD,KS,1,1
Wenzhou Longwan,China,PMI,Regular,Full Flavor,STD,KS,1,7
Addis Ababa,Ethiopia,PMI,Regular,Full Flavor,STD,KS,1,0
Zanzibar,Tanzania,PMI,NTD Caps,Full Flavor,STD,KS,1,1
Toulouse,France DP,PMI,Regular,Full Flavor,SLI,KS,1,2
Salvador,Brazil,PMI,Menthol Caps,Full Flavor,STD,KS,1,1
Brisbane,Australia,PMI,Menthol,Full Flavor,STD,KS,1,2
Colombo,Sri Lanka,PMI,NTD Caps,Full Flavor,STD,KS,1,0
Male,Maldives,PMI,Regular,Full Flavor,SLI,KS,1,0
Busan - Kimhae,South Korea,PMI,Menthol,Full Flavor,STD,KS,1,1
Izmir Airport,Turkey,PMI,Menthol Caps,Full Flavor,STD,KS,1,5
Sihanoukville,Cambodia,PMI,Menthol,Full Flavor,STD,KS,1,1
Hyderabad,India,PMI,NTD Caps,Full Flavor,STD,KS,1,3
Everrich Downtown Kinmen,Taiwan,PMI,NTD Caps,Full Flavor,STD,KS,1,1
Bilbao,Spain,PMI,Regular,Full Flavor,SLI,KS,1,2
Bariloche,Argentina,PMI,Regular,Full Flavor,SLI,KS,1,1
Kutahya Airport,Turkey,PMI,NTD Caps,Full Flavor,STD,KS,1,10
Skiathos,Greece,PMI,Regular,Full Flavor,STD,KS,1,9
Palma De Mallorca,Spain DP,PMI,Regular,Full Flavor,STD,KS,1,7
Casablanca,Morocco,PMI,Menthol,Full Flavor,STD,KS,1,1
St. Petersburg Pulkovo,Russia,PMI,NTD Caps,Full Flavor,STD,KS,1,2
Ankara Airport,Turkey,PMI,Regular,Full Flavor,STD,KS,1,15
Bilbao,Spain DP,PMI,Regular,Full Flavor,STD,KS,1,7
Denizli Cardak Airport,Turkey,PMI,Regular,Full Flavor,SLI,KS,1,7
Seoul,South Korea,PMI,NTD Caps,Full Flavor,STD,KS,1,5
Hyderabad,India,PMI,Regular,Full Flavor,SLI,KS,1,2
Madeira,Portugal,PMI,Regular,Full Flavor,SLI,KS,1,1
Genoa,Italy,PMI,Regular,Full Flavor,SLI,KS,1,3
Chengdu Tianfu,China,PMI,Menthol Caps,Full Flavor,STD,KS,1,4
Asturias,Spain DP,PMI,Regular,Full Flavor,SLI,KS,1,2
Punta Cana - Higuey,Dominican Republic,PMI,NTD Caps,Full Flavor,STD,KS,1,2
Perth,Australia,PMI,Regular,Full Flavor,STD,KS,1,3
Verona,Italy,PMI,Regular,Full Flavor,STD,KS,1,8
Corfu,Greece,PMI,Regular,Full Flavor,SLI,KS,1,8
Asturias,Spain DP,PMI,Regular,Full Flavor,STD,KS,1,7
RIYADH,Saudi Arabia,PMI,Menthol Caps,Full Flavor,STD,KS,1,1
Berlin Brandenburg,Germany,PMI,Regular,Full Flavor,SLI,KS,1,5
Norwich,Great Britain,PMI,Regular,Full Flavor,SLI,KS,1,3
Guayaquil,Ecuador,PMI,Regular,Full Flavor,SLI,KS,1,1
Belo Horizonte,Brazil,PMI,Regular,Full Flavor,SLI,KS,1,2
Montpellier,France,PMI,Regular,Lights,STD,KS,1,2
Szczecin,Poland,PMI,Regular,Full Flavor,SLI,KS,1,2
Fortaleza,Brazil,PMI,Menthol,Full Flavor,STD,KS,1,1
Puerto Plata,Dominican Republic,PMI,Regular,Full Flavor,STD,KS,1,4
Rio de Janeiro,Brazil,PMI,Menthol,Full Flavor,STD,KS,1,1
Samana El Catey,Dominican Republic,PMI,Regular,Full Flavor,STD,KS,1,4
Fuzhou Changle,China,PMI,NTD Caps,Full Flavor,STD,KS,1,6
Takamatsu,Japan,PMI,Menthol,Full Flavor,STD,KS,1,4
Vigo,Spain,PMI,Regular,Full Flavor,STD,KS,1,7
Exeter,Great Britain,PMI,Regular,Full Flavor,SLI,KS,1,3
Santo Domingo Las Americas,Dominican Republic,PMI,Regular,Full Flavor,STD,KS,1,3
Yinchuan Hedong,China,PMI,Regular,Full Flavor,STD,KS,1,7
Antalya Gazipasa Airport,Turkey,PMI,NTD Caps,Full Flavor,STD,KS,1,11
Grenoble,France DP,PMI,Regular,Full Flavor,STD,KS,1,9
Tarbes - Lourdes,France,PMI,Regular,Full Flavor,STD,KS,1,6
Dubai,United Arab Emirates,PMI,Regular,Ultralights,STD,KS,1,2
Gdansk,Poland,PMI,Regular,Full Flavor,STD,KS,1,6
Cali,Colombia,PMI,Regular,Full Flavor,STD,KS,1,2
Oujda,Morocco,PMI,Menthol Caps,Full Flavor,STD,KS,1,1
Minsk,Belarus,PMI,Regular,Full Flavor,STD,KS,1,0
Entebbe,Uganda,PMI,Regular,Full Flavor,SLI,KS,1,0
Konya Airport,Turkey,PMI,Regular,Lights,STD,KS,1,1
Monastir,Tunisia,PMI,Menthol Caps,Full Flavor,STD,KS,1,2
Los Cabos,Mexico,PMI,Menthol Caps,Full Flavor,STD,KS,1,3
Sharm El Sheikh,Egypt,PMI,NTD Caps,Full Flavor,STD,KS,1,1
Taichung,Taiwan,PMI,Menthol Caps,Full Flavor,SLI,KS,1,1
Port-au-Prince (Haiti),Caribbean Other,PMI,Regular,Full Flavor,SLI,KS,1,2
Lagos,Nigeria,PMI,NTD Caps,Full Flavor,STD,KS,1,1
Baghdad,Iraq,PMI,Regular,Full Flavor,STD,KS,1,2
Ixtapa Zihuatanejo,Mexico,PMI,Menthol,Full Flavor,STD,KS,1,1
Lisbon,Portugal,PMI,Regular,Full Flavor,STD,KS,1,1
Fuzhou Changle,China,PMI,Regular,Full Flavor,STD,KS,1,7
Florence,Italy,PMI,Regular,Full Flavor,SLI,KS,1,3
Weihai Dashuibo,China,PMI,Menthol Caps,Full Flavor,STD,KS,1,4
Fuerteventura,Canary Islands,PMI,Regular,Full Flavor,SLI,KS,1,1
Basrah,Iraq,PMI,Regular,Full Flavor,SLI,KS,1,3
Tangier,Morocco,PMI,Regular,Full Flavor,SLI,KS,1,1
Phnom Penh,Cambodia,PMI,Regular,Full Flavor,SLI,KS,1,1
Toulouse,France DP,PMI,Regular,Lights,STD,KS,1,2
Johor Bahru,Malaysia,PMI,Menthol Caps,Full Flavor,STD,KS,1,1
Abidjan,Ivory Coast,PMI,Regular,Full Flavor,STD,KS,1,0
Johannesburg,South Africa,PMI,NTD Caps,Full Flavor,STD,KS,1,1
Aqaba,Jordan,PMI,Menthol Caps,Full Flavor,STD,KS,1,1
Ho Chi Minh,Vietnam,PMI,Menthol Caps,Full Flavor,STD,KS,1,1
Johor Bahru,Malaysia,PMI,Regular,Full Flavor,SLI,KS,1,1
Erbil International Airport,Iraq,PMI,NTD Caps,Full Flavor,STD,KS,1,1
Cali,Colombia,PMI,Menthol,Full Flavor,STD,KS,1,2
Dortmund,Germany,PMI,Regular,Full Flavor,SLI,KS,1,5
Ciampino Airport,Italy,PMI,Regular,Full Flavor,SLI,KS,1,3
Madrid Barajas,Spain DP,PMI,Regular,Full Flavor,STD,KS,1,7
Rio de Janeiro,Brazil,PMI,Regular,Full Flavor,SLI,KS,1,2
Melbourne,Australia,PMI,Menthol Caps,Full Flavor,STD,KS,1,2
Granada,Spain DP,PMI,Regular,Full Flavor,SLI,KS,1,2
Mudanjiang Hailang,China,PMI,Menthol,Full Flavor,STD,KS,1,3
Zhengzhou Xinzheng,China,PMI,Menthol,Full Flavor,STD,KS,1,3
Nantes,France,PMI,Regular,Full Flavor,STD,KS,1,7
Corfu,Greece,PMI,Regular,Full Flavor,STD,KS,1,9
Tangier,Morocco,PMI,Menthol Caps,Full Flavor,STD,KS,1,1
Kuala Lumpur,Malaysia,PMI,Regular,Full Flavor,STD,KS,1,2
Izmir Airport,Turkey,PMI,Regular,Full Flavor,SLI,KS,1,8
Haiphong,Vietnam,PMI,Regular,Full Flavor,STD,KS,1,1
Alexandria,Egypt,PMI,Regular,Full Flavor,STD,KS,1,4
Ouarzazate,Morocco,PMI,NTD Caps,Full Flavor,STD,KS,1,5
Frankfurt,Germany,PMI,Regular,Full Flavor,SLI,KS,1,5
Yangyang,South Korea,PMI,Regular,Full Flavor,SLI,KS,1,2
Mudanjiang Hailang,China,PMI,Regular,Full Flavor,STD,KS,1,7
Samos,Greece,PMI,Regular,Full Flavor,SLI,KS,1,8
Xian Xianyang,China,PMI,NTD Caps,Full Flavor,STD,KS,1,6
Santiago De Compostela,Spain,PMI,Regular,Full Flavor,SLI,KS,1,2
Sevilla,Spain DP,PMI,Regular,Full Flavor,STD,KS,1,7
Abu Dhabi,United Arab Emirates,PMI,Regular,1mg,STD,KS,1,2
Astrakhan,Russia,PMI,Menthol Caps,Full Flavor,STD,KS,1,1
Monterrey,Mexico,PMI,NTD Caps,Full Flavor,STD,KS,1,3
Salalah,Oman,PMI,Regular,Full Flavor,STD,KS,1,1
Chongqing Jiangbei,China,PMI,Menthol,Full Flavor,STD,KS,1,3
Volgograd,Russia,PMI,NTD Caps,Full Flavor,STD,KS,1,2
Santiago Arturo Merino Benitez,Chile,PMI,Regular,Full Flavor,STD,KS,1,0
Santo Domingo Las Americas,Dominican Republic,PMI,Menthol,Full Flavor,STD,KS,1,2
Singapore - Changi,Singapore,PMI,Regular,Full Flavor,STD,KS,1,0
Daegu,South Korea,PMI,Menthol,Full Flavor,STD,KS,1,1
Jeddah,Saudi Arabia,PMI,NTD Caps,Full Flavor,STD,KS,1,2
Treviso,Italy,PMI,Regular,Full Flavor,SLI,KS,1,3
Kota Kinabalu,Malaysia,PMI,Regular,Full Flavor,STD,KS,1,2
Nice,France DP,PMI,Regular,Full Flavor,STD,KS,1,9
Nantes,France DP,PMI,Regular,Full Flavor,SLI,KS,1,2
DAMMAM,Saudi Arabia,PMI,NTD Caps,Full Flavor,STD,KS,1,3
Ibiza,Spain DP,PMI,Regular,Full Flavor,STD,KS,1,7
Lima,Peru,PMI,NTD Caps,Full Flavor,STD,KS,1,0
Tunis,Tunisia,PMI,Menthol,Full Flavor,STD,KS,1,1
Tuzla,Bosnia-Herzegovinia,PMI,NTD Caps,Full Flavor,STD,KS,1,1
Jerba,Tunisia,PMI,NTD Caps,Full Flavor,STD,KS,1,3
Salalah,Oman,PMI,Regular,Full Flavor,SLI,KS,1,0
Cochin,India,PMI,Regular,Full Flavor,STD,KS,1,4
Madeira,Portugal,PMI,Regular,Full Flavor,STD,KS,1,1
Brasilia,Brazil,PMI,Regular,Full Flavor,STD,KS,1,5
Bujumbura,Burundi,PMI,Regular,Full Flavor,SLI,KS,1,0
Hannover,Germany,PMI,Regular,Full Flavor,SLI,KS,1,5
St. Petersburg Pulkovo,Russia,PMI,Menthol Caps,Full Flavor,STD,KS,1,1
Roland Garros,Reunion,PMI,Regular,Full Flavor,SLI,KS,1,0
Sydney,Australia,PMI,Regular,Full Flavor,STD,KS,1,2
Lyon Saint Exupery,France,PMI,Regular,Full Flavor,SLI,KS,1,2
Doha,Qatar,PMI,Regular,Full Flavor,SLI,KS,1,0
Lyon Saint Exupery,France DP,PMI,Regular,Lights,STD,KS,1,2
Zia,Bangladesh,PMI,Regular,Full Flavor,STD,KS,1,0
Zurich,Switzerland,PMI,NTD Caps,Full Flavor,STD,KS,1,2
Sanya Fenghuang,China,PMI,Regular,Full Flavor,STD,KS,1,7
Min Vody,Russia,PMI,Regular,Full Flavor,STD,KS,1,7
Busan - Kimhae,South Korea,PMI,Menthol Caps,Full Flavor,STD,KS,1,2
Charleroi,Belgium,PMI,Regular,Full Flavor,STD,KS,1,1
Tangier,Morocco,PMI,Menthol,Full Flavor,STD,KS,1,1
Mexico City,Mexico,PMI,Regular,Full Flavor,SLI,KS,1,2
Tangier,Morocco,PMI,NTD Caps,Full Flavor,STD,KS,1,6
Macau,Macau,PMI,Regular,Full Flavor,STD,KS,1,0
Radom,Poland,PMI,Regular,Full Flavor,SLI,KS,1,1
A Coruna,Spain DP,PMI,Regular,Full Flavor,SLI,KS,1,2
Guangzhou Baiyun,China,PMI,Menthol,Full Flavor,STD,KS,1,3
Barcelona,Spain,PMI,Regular,Full Flavor,SLI,KS,1,2
Belo Horizonte,Brazil,PMI,Menthol,Full Flavor,STD,KS,1,1
Aktio,Greece,PMI,Regular,Full Flavor,SLI,KS,1,8
Cordoba,Argentina,PMI,Regular,Full Flavor,SLI,KS,1,2
Liberia,Costa Rica,PMI,Regular,Full Flavor,SLI,KS,1,1
Gaziantep Airport,Turkey,PMI,Menthol Caps,Full Flavor,STD,KS,1,5
Santander,Spain DP,PMI,Regular,Full Flavor,STD,KS,1,6
Yangyang,South Korea,PMI,NTD Caps,Full Flavor,STD,KS,1,4
Amsterdam - Schiphol,Netherlands,PMI,Regular,Full Flavor,SLI,KS,1,1
Nantes,France,PMI,Regular,Lights,STD,KS,1,2
Tokyo - Narita,Japan,PMI,Menthol Caps,Full Flavor,STD,KS,1,3
Mexico City,Mexico,PMI,NTD Caps,Full Flavor,STD,KS,1,3
Tokyo - Narita,Japan,PMI,Menthol,Full Flavor,STD,KS,1,4
Oujda,Morocco,PMI,Regular,Full Flavor,STD,KS,1,5
Paris Charles De Gaulle,France DP,PMI,Regular,Lights,STD,KS,1,2
Incheon,South Korea,PMI,Regular,Lights,SLI,KS,1,1
Milan - Malpensa,Italy,PMI,Regular,Full Flavor,STD,KS,1,7
Hong Kong,Hong Kong,PMI,Menthol Caps,Full Flavor,STD,KS,1,0
Palma De Mallorca,Spain,PMI,Regular,Full Flavor,STD,KS,1,7
Pamandzi,Mayotte,PMI,Regular,Lights,STD,KS,1,0
Sydney,Australia,PMI,NTD Caps,Full Flavor,STD,KS,1,3
Bridgetown,Barbados,PMI,NTD Caps,Full Flavor,STD,KS,1,0
Iwate,Japan,PMI,Regular,Full Flavor,STD,KS,1,9
Wuhan Tianhe,China,PMI,Menthol Caps,Full Flavor,STD,KS,1,4
Rabil,Cape Verde,PMI,Menthol Caps,Full Flavor,STD,KS,1,1
Mendoza,Argentina,PMI,NTD Caps,Full Flavor,STD,KS,1,1
Nanjing Lukou,China,PMI,Menthol Caps,Full Flavor,STD,KS,1,4
Kingston,Jamaica,PMI,NTD Caps,Full Flavor,STD,KS,1,1
DAMMAM,Saudi Arabia,PMI,Regular,Full Flavor,STD,KS,1,2
Eskisehir Airport,Turkey,PMI,Regular,Full Flavor,SLI,KS,1,8
Amman,Jordan,PMI,NTD Caps,Full Flavor,STD,KS,1,1
Fortaleza,Brazil,PMI,Menthol Caps,Full Flavor,STD,KS,1,2
Paramaribo,Suriname,PMI,Menthol Caps,Full Flavor,STD,KS,1,0
Bodrum Airport,Turkey,PMI,Regular,Full Flavor,SLI,KS,1,8
Panama Tocumen,Panama,PMI,Menthol Caps,Full Flavor,STD,KS,1,0
Bordeaux,France,PMI,Regular,Full Flavor,SLI,KS,1,2
Xian Xianyang,China,PMI,Regular,Full Flavor,STD,KS,1,7
Tokyo - Haneda,Japan,PMI,Menthol,Full Flavor,STD,KS,1,4
Athens,Greece,PMI,Regular,Full Flavor,STD,KS,1,8
Cheongju,South Korea,PMI,Menthol Caps,Full Flavor,STD,KS,1,2
Belo Horizonte,Brazil,PMI,NTD Caps,Full Flavor,STD,KS,1,3
Agadir,Morocco,PMI,Menthol Caps,Full Flavor,STD,KS,1,1
Rhodes,Greece,PMI,Regular,Full Flavor,SLI,KS,1,8
Cape Town,South Africa,PMI,Menthol Caps,Full Flavor,STD,KS,1,1
Togo,Togo,PMI,NTD Caps,Full Flavor,STD,KS,1,0
Rio de Janeiro,Brazil,PMI,Regular,Full Flavor,STD,KS,1,5
Manchester,Great Britain,PMI,Regular,Full Flavor,SLI,KS,1,3
Rabat,Morocco,PMI,Menthol Caps,Full Flavor,STD,KS,1,1
Paris Charles De Gaulle,France DP,PMI,Regular,Full Flavor,STD,KS,1,9
Basrah,Iraq,PMI,NTD Caps,Full Flavor,STD,KS,1,2
Monterrey,Mexico,PMI,Menthol,Full Flavor,STD,KS,1,1
Christchurch,New Zealand,PMI,Menthol Caps,Full Flavor,STD,KS,1,1
Windhoek,Namibia,PMI,Menthol Caps,Full Flavor,STD,KS,1,0
Granada,Spain,PMI,Regular,Full Flavor,STD,KS,1,6
Viracopos,Brazil,PMI,Regular,Full Flavor,SLI,KS,1,2
St. Maarten Princess Juliana,Saint Marteen (NL),PMI,NTD Caps,Full Flavor,STD,KS,1,0
Malmo,Sweden,PMI,Regular,Full Flavor,STD,KS,1,3
Mazatlan,Mexico,PMI,NTD Caps,Full Flavor,STD,KS,1,3
Santo Domingo Las Americas,Dominican Republic,PMI,Menthol Caps,Full Flavor,STD,KS,1,3
Bordeaux,France,PMI,Regular,Lights,STD,KS,1,2
Zurich,Switzerland,PMI,Regular,Full Flavor,STD,KS,1,2
Dalian Zhoushuizi,China,PMI,Regular,Full Flavor,STD,KS,1,7
Lille,France DP,PMI,Regular,Full Flavor,SLI,KS,1,2
Addis Ababa,Ethiopia,PMI,Regular,Full Flavor,SLI,KS,1,0
Baghdad,Iraq,PMI,Regular,Full Flavor,SLI,KS,1,3
Amman,Jordan,PMI,Menthol Caps,Full Flavor,STD,KS,1,1
Viracopos,Brazil,PMI,Menthol Caps,Full Flavor,STD,KS,1,2
Frankfurt,Germany,PMI,Regular,Full Flavor,STD,KS,1,6
Everrich Downtown Kinmen,Taiwan,PMI,Regular,Full Flavor,STD,KS,1,1
Nis,Serbia,PMI,Regular,Full Flavor,STD,KS,1,1
Windhoek,Namibia,PMI,Regular,Full Flavor,STD,KS,1,0
Pengsheng,China,PMI,NTD Caps,Full Flavor,STD,KS,1,6
Salalah,Oman,PMI,Menthol,Full Flavor,STD,KS,1,1
Granada,Spain DP,PMI,Regular,Full Flavor,STD,KS,1,6
Hong Kong,Hong Kong,PMI,Regular,Full Flavor,STD,KS,1,0
Kalibo,Philippines,PMI,Regular,Full Flavor,STD,KS,1,1
Yantai Penglai,China,PMI,Regular,Full Flavor,STD,KS,1,7
Trabzon Airport,Turkey,PMI,NTD Caps,Full Flavor,STD,KS,1,10
Changsha Huanghua,China,PMI,Regular,Full Flavor,STD,KS,1,7
Antigua,Caribbean Other,PMI,Menthol,Full Flavor,STD,KS,1,2
Cochin,India,PMI,Regular,Full Flavor,SLI,KS,1,2
Hong Kong,Hong Kong,PMI,NTD Caps,Full Flavor,STD,KS,1,0
Viracopos,Brazil,PMI,Menthol,Full Flavor,STD,KS,1,1
Guayaquil,Ecuador,PMI,Menthol Caps,Full Flavor,STD,KS,1,1
Guangzhou Baiyun,China,PMI,Menthol Caps,Full Flavor,STD,KS,1,4
Tarbes - Lourdes,France DP,PMI,Regular,Full Flavor,STD,KS,1,8
Szczecin,Poland,PMI,Regular,Full Flavor,STD,KS,1,6
London Gatwick,Great Britain,PMI,Regular,Full Flavor,STD,KS,1,5
Stavanger,Norway,PMI,NTD Caps,Full Flavor,STD,KS,1,1
Tenerife,Canary Islands,PMI,Regular,Full Flavor,SLI,KS,1,1
Beauvais,France DP,PMI,Regular,Full Flavor,SLI,KS,1,2
Manila - Ninoy Aquino,Philippines,PMI,Menthol Caps,Full Flavor,STD,KS,1,0
Penang,Malaysia,PMI,Regular,Full Flavor,STD,KS,1,2
Jeju,South Korea,PMI,Regular,Full Flavor,STD,KS,1,5
Grenoble,France DP,PMI,Regular,Full Flavor,SLI,KS,1,2
Leeds Bradford,Great Britain,PMI,Regular,Full Flavor,SLI,KS,1,3
Gaziantep Airport,Turkey,PMI,Regular,Lights,STD,KS,1,1
Montego Bay,Jamaica,PMI,NTD Caps,Full Flavor,STD,KS,1,1
Mahon Airport,Spain DP,PMI,Regular,Full Flavor,STD,KS,1,7
Hohhot Baita,China,PMI,Regular,Full Flavor,STD,KS,1,7
Marsa Aalam,Egypt,PMI,Menthol Caps,Full Flavor,STD,KS,1,1
Eskisehir Airport,Turkey,PMI,Menthol Caps,Full Flavor,STD,KS,1,5
Tarbes - Lourdes,France DP,PMI,Regular,Lights,STD,KS,1,2
Hannover,Germany,PMI,Regular,Full Flavor,STD,KS,1,6
Copenhagen,Denmark,PMI,Regular,Full Flavor,SLI,KS,1,3
Alexandoupolis,Greece,PMI,Regular,Full Flavor,STD,KS,1,9
Rhodes,Greece,PMI,Regular,Full Flavor,STD,KS,1,8
Moscow - Vnukovo,Russia,PMI,Regular,Full Flavor,STD,KS,1,7
Lusaka,Zambia,PMI,Regular,Full Flavor,STD,KS,1,0
Johor Bahru,Malaysia,PMI,Menthol,Full Flavor,STD,KS,1,1
Berlin Brandenburg,Germany,PMI,Regular,Full Flavor,STD,KS,1,6
Muscat,Oman,PMI,Menthol Caps,Full Flavor,STD,KS,1,1
Abuja,Nigeria,PMI,Regular,Full Flavor,SLI,KS,1,1
Moscow - Sheremetyevo,Russia,PMI,Menthol,Full Flavor,STD,KS,1,1
Kuwait,Kuwait,PMI,Regular,Full Flavor,STD,KS,1,0
Dalaman Airport,Turkey,PMI,Regular,Full Flavor,STD,KS,1,14
Vientiane,Laos,PMI,Menthol,Full Flavor,STD,KS,1,0
Kayseri Airport,Turkey,PMI,Menthol Caps,Full Flavor,STD,KS,1,5
Panama Tocumen,Panama,PMI,Regular,Full Flavor,STD,KS,1,0
Rosario,Argentina,PMI,NTD Caps,Full Flavor,STD,KS,1,1
Paris Charles De Gaulle,France DP,PMI,Regular,Full Flavor,SLI,KS,1,2
Essaouira,Morocco,PMI,Regular,Full Flavor,STD,KS,1,4
Port-au-Prince (Haiti),Caribbean Other,PMI,NTD Caps,Full Flavor,STD,KS,1,2
Nador,Morocco,PMI,Regular,Full Flavor,SLI,KS,1,1
Daegu,South Korea,PMI,Regular,Full Flavor,STD,KS,1,5
Dubrovnik,Croatia,PMI,Regular,Full Flavor,SLI,KS,1,1
Miyazaki,Japan,PMI,Regular,Full Flavor,STD,KS,1,9
Alexandria,Egypt,PMI,NTD Caps,Full Flavor,STD,KS,1,1
Fuerteventura,Canary Islands,PMI,Regular,Full Flavor,STD,KS,1,1
Erbil International Airport,Iraq,PMI,Regular,Full Flavor,SLI,KS,1,3
Cayenne,French Guyana,PMI,Regular,Full Flavor,STD,KS,1,0
Cairns,Australia,PMI,Menthol Caps,Full Flavor,STD,KS,1,2
Aalborg,Denmark,PMI,Regular,Full Flavor,STD,KS,1,2
Panama Tocumen,Panama,PMI,Regular,Full Flavor,SLI,KS,1,0
Male,Maldives,PMI,Regular,Full Flavor,STD,KS,1,0
Shanghai Pudong,China,PMI,Menthol Caps,Full Flavor,STD,KS,1,4
Auckland,New Zealand,PMI,NTD Caps,Full Flavor,STD,KS,1,1
Liberia,Costa Rica,PMI,Regular,Full Flavor,STD,KS,1,1
Sfax,Tunisia,PMI,Menthol Caps,Full Flavor,STD,KS,1,1
Rhodes,Greece,PMI,Regular,Lights,STD,KS,1,1
Ibiza,Spain,PMI,Regular,Full Flavor,SLI,KS,1,2
St. George's Point Saline,Grenada,PMI,Menthol,Full Flavor,STD,KS,1,0
Buenos Aires Aeroparque,Argentina,PMI,Regular,Full Flavor,STD,KS,1,1
Bordeaux,France DP,PMI,Regular,Full Flavor,STD,KS,1,9
Mexico City,Mexico,PMI,Regular,Full Flavor,STD,KS,1,6
Phnom Penh,Cambodia,PMI,Regular,Full Flavor,STD,KS,1,1
Gaziantep Airport,Turkey,PMI,Regular,Full Flavor,STD,KS,1,15
Barcelona,Spain,PMI,Regular,Full Flavor,STD,KS,1,7
Belo Horizonte,Brazil,PMI,Regular,Full Flavor,STD,KS,1,5
Nanning Wuxu,China,PMI,Regular,Full Flavor,STD,KS,1,6
Muscat,Oman,PMI,Menthol,Full Flavor,STD,KS,1,1
Antalya Gazipasa Airport,Turkey,PMI,Menthol Caps,Full Flavor,STD,KS,1,5
Suleymania Airport,Iraq,PMI,Regular,Full Flavor,SLI,KS,1,3
Xiamen Gaoqi,China,PMI,Menthol,Full Flavor,STD,KS,1,3
Ras El Khaymah,United Arab Emirates,PMI,Regular,1mg,STD,KS,1,3
Mandalay,Myanmar,PMI,NTD Caps,Full Flavor,STD,KS,1,1
Ras El Khaymah,United Arab Emirates,PMI,Regular,Lights,STD,KS,1,2
Alexandoupolis,Greece,PMI,Regular,Full Flavor,SLI,KS,1,8
Paris Charles De Gaulle,France,PMI,Regular,Full Flavor,STD,KS,1,7
Florianopolis,Brazil,PMI,Menthol Caps,Full Flavor,STD,KS,1,2
Santiago Arturo Merino Benitez,Chile,PMI,NTD Caps,Full Flavor,STD,KS,1,0
Paderborn,Germany,PMI,Regular,Full Flavor,SLI,KS,1,5
Istanbul Airport,Turkey,PMI,Regular,Full Flavor,STD,KS,1,15
Eindhoven,Netherlands,PMI,Regular,Full Flavor,SLI,KS,1,2
Guiyang Longdongbao,China,PMI,NTD Caps,Full Flavor,STD,KS,1,6
Wroclaw,Poland,PMI,Regular,Full Flavor,STD,KS,1,6
RIYADH,Saudi Arabia,PMI,Regular,Full Flavor,SLI,KS,1,2
Taiyuan Wusu,China,PMI,Regular,Full Flavor,STD,KS,1,7
Oranjestad,Aruba,PMI,Menthol,Full Flavor,STD,KS,1,0
Bilbao,Spain DP,PMI,Regular,Full Flavor,SLI,KS,1,2
Ostrava,Czech Republic,PMI,Regular,Full Flavor,STD,KS,1,2
Gaborone,Botswana,PMI,Menthol Caps,Full Flavor,STD,KS,1,0
Ostrava,Czech Republic,PMI,Regular,Full Flavor,SLI,KS,1,2
Recife,Brazil,PMI,Regular,Full Flavor,STD,KS,1,5
Samsun Airport,Turkey,PMI,Regular,Full Flavor,SLI,KS,1,8
Queretaro,Mexico,PMI,Regular,Full Flavor,STD,KS,1,5
Nuernberg,Germany,PMI,Regular,Full Flavor,SLI,KS,1,5
Bergamo,Italy,PMI,Regular,Full Flavor,SLI,KS,1,3
Nice,France,PMI,Regular,Full Flavor,SLI,KS,1,2
Graz,Austria,PMI,Regular,Full Flavor,SLI,KS,1,1
Medina,Saudi Arabia,PMI,Regular,Full Flavor,STD,KS,1,2
Leopold Sedar Senghar,Senegal,PMI,Regular,Full Flavor,STD,KS,1,0
Los Cabos,Mexico,PMI,Regular,Full Flavor,SLI,KS,1,2
Porto,Portugal,PMI,Regular,Full Flavor,STD,KS,1,1
Sandefjord-Torp,Norway,PMI,Menthol Caps,Full Flavor,STD,KS,1,1
Cozumel,Mexico,PMI,Regular,Full Flavor,STD,KS,1,6
Danang,Vietnam,PMI,Regular,Full Flavor,STD,KS,1,1
Curacao,Curazao,PMI,Menthol,Full Flavor,STD,KS,1,0
Paramaribo,Suriname,PMI,Regular,Full Flavor,SLI,KS,1,0
Sochi,Russia,PMI,Menthol Caps,Full Flavor,STD,KS,1,1
Oujda,Morocco,PMI,Regular,Full Flavor,SLI,KS,1,1
Indira Gandhi,India,PMI,NTD Caps,Full Flavor,STD,KS,1,3
San Jose,Costa Rica,PMI,Regular,Full Flavor,SLI,KS,1,1
Sao Paulo - Guarulhos,Brazil,PMI,Menthol Caps,Full Flavor,STD,KS,1,2
Aswan,Egypt,PMI,NTD Caps,Full Flavor,STD,KS,1,1
London Luton,Great Britain,PMI,Regular,Full Flavor,STD,KS,1,4
Paramaribo,Suriname,PMI,Menthol,Full Flavor,STD,KS,1,0
Beauvais,France,PMI,Regular,Full Flavor,STD,KS,1,7
Batumi,Georgia,PMI,Regular,Full Flavor,SLI,KS,1,1
Mandalay,Myanmar,PMI,Menthol,Full Flavor,STD,KS,1,1
Okayama,Japan,PMI,NTD Caps,Full Flavor,STD,KS,1,6
Bogota,Colombia,PMI,Menthol Caps,Full Flavor,STD,KS,1,1
Takamatsu,Japan,PMI,Regular,Full Flavor,STD,KS,1,8
Dalian Zhoushuizi,China,PMI,Menthol Caps,Full Flavor,STD,KS,1,4
Nice,France DP,PMI,Regular,Lights,STD,KS,1,2
Durban,South Africa,PMI,Regular,Full Flavor,SLI,KS,1,1
Essaouira,Morocco,PMI,NTD Caps,Full Flavor,STD,KS,1,5
Trabzon Airport,Turkey,PMI,Regular,Full Flavor,STD,KS,1,15
Danang,Vietnam,PMI,Menthol,Full Flavor,STD,KS,1,1
Addis Ababa,Ethiopia,PMI,Menthol,Full Flavor,STD,KS,1,0
Beirut - Rafik Hariri,Lebanon,PMI,NTD Caps,Full Flavor,STD,KS,1,0
Jeju,South Korea,PMI,Regular,Lights,SLI,KS,1,1
Stavanger,Norway,PMI,Regular,Full Flavor,STD,KS,1,4
Brisbane,Australia,PMI,Regular,Full Flavor,STD,KS,1,3
Ixtapa Zihuatanejo,Mexico,PMI,NTD Caps,Full Flavor,STD,KS,1,3
Yangon,Myanmar,PMI,Menthol,Full Flavor,STD,KS,1,1
Cheongju,South Korea,PMI,NTD Caps,Full Flavor,STD,KS,1,5
Kuala Lumpur,Malaysia,PMI,Menthol Caps,Full Flavor,STD,KS,1,1
Marsa Aalam,Egypt,PMI,NTD Caps,Full Flavor,STD,KS,1,1
Graz,Austria,PMI,Regular,Full Flavor,STD,KS,1,1
Xuzhou Guanyin,China,PMI,NTD Caps,Full Flavor,STD,KS,1,6
Zanzibar,Tanzania,PMI,Regular,Full Flavor,SLI,KS,1,0
Yerevan,Armenia,PMI,Regular,Full Flavor,STD,KS,1,0
Krakow Balice,Poland,PMI,Regular,Full Flavor,SLI,KS,1,2
Aswan,Egypt,PMI,Regular,Full Flavor,SLI,KS,1,1
Sydney,Australia,PMI,Menthol Caps,Full Flavor,STD,KS,1,2
Diyarbakir Airport,Turkey,PMI,Regular,Full Flavor,SLI,KS,1,8
Alicante,Spain,PMI,Regular,Full Flavor,SLI,KS,1,2
Guatemala City,Guatemala,PMI,Regular,Full Flavor,SLI,KS,1,0
Jersey,Great Britain,PMI,Regular,Full Flavor,SLI,KS,1,2
Gerona,Spain,PMI,Regular,Full Flavor,SLI,KS,1,2
Prague,Czech Republic,PMI,Regular,Full Flavor,STD,KS,1,2
Chambery,France,PMI,Regular,Full Flavor,STD,KS,1,6
Cologne,Germany,PMI,Regular,Full Flavor,SLI,KS,1,5
Hangzhou Xiaoshan,China,PMI,NTD Caps,Full Flavor,STD,KS,1,5
Milan - Malpensa,Italy,PMI,Regular,Full Flavor,SLI,KS,1,3
Harbin Taiping,China,PMI,Regular,Full Flavor,STD,KS,1,7
Chubu,Japan,PMI,Regular,Full Flavor,STD,KS,1,9
Indira Gandhi,India,PMI,Regular,Full Flavor,STD,KS,1,4
Santiago Cibao,Dominican Republic,PMI,Menthol Caps,Full Flavor,STD,KS,1,3
Xiamen Gaoqi,China,PMI,NTD Caps,Full Flavor,STD,KS,1,6
Jeddah,Saudi Arabia,PMI,Menthol Caps,Full Flavor,STD,KS,1,1
Vigo,Spain DP,PMI,Regular,Full Flavor,SLI,KS,1,2
Dublin,Ireland,PMI,Regular,Full Flavor,STD,KS,1,1
Bodrum Airport,Turkey,PMI,Menthol Caps,Full Flavor,STD,KS,1,5
Wenzhou Longwan,China,PMI,Menthol,Full Flavor,STD,KS,1,3
Manama,Bahrain,PMI,Regular,Full Flavor,STD,KS,1,0
Bridgetown,Barbados,PMI,Regular,Full Flavor,STD,KS,1,0
Cam Ranh,Vietnam,PMI,NTD Caps,Full Flavor,STD,KS,1,2
Yinchuan Hedong,China,PMI,NTD Caps,Full Flavor,STD,KS,1,6
Bangui,Central Africa,PMI,Regular,Full Flavor,SLI,KS,1,0
London Stansted,Great Britain,PMI,Regular,Full Flavor,SLI,KS,1,3
Lodz,Poland,PMI,Regular,Full Flavor,STD,KS,1,6
Basel,Switzerland,PMI,Regular,Full Flavor,STD,KS,1,2
St. George's Point Saline,Grenada,PMI,NTD Caps,Full Flavor,STD,KS,1,0
Aktio,Greece,PMI,Regular,Full Flavor,STD,KS,1,9
Johannesburg,South Africa,PMI,Menthol Caps,Full Flavor,STD,KS,1,1
La Palma,Canary Islands,PMI,Regular,Full Flavor,STD,KS,1,1
Asuncion Silvio Petterossi,Paraguay,PMI,Regular,Full Flavor,STD,KS,1,0
Muan,South Korea,PMI,Regular,Full Flavor,SLI,KS,1,2
Komatsu,Japan,PMI,Regular,Full Flavor,STD,KS,1,9
Vilnius,Lithuania,PMI,Regular,Full Flavor,SLI,KS,1,1
Cairo,Egypt,PMI,Menthol Caps,Full Flavor,STD,KS,1,1
Bordeaux,France DP,PMI,Regular,Full Flavor,SLI,KS,1,2
Tozeur,Tunisia,PMI,NTD Caps,Full Flavor,STD,KS,1,2
Ankara Airport,Turkey,PMI,NTD Caps,Full Flavor,STD,KS,1,11
Kralendijk (Bonaire),Caribbean Other,PMI,Regular,Full Flavor,SLI,KS,1,1
Shenyang Taoxian,China,PMI,Regular,Full Flavor,STD,KS,1,7
Paris Orly,France,PMI,Regular,Lights,STD,KS,1,2
Toulouse,France,PMI,Regular,Lights,STD,KS,1,2
Aqaba,Jordan,PMI,NTD Caps,Full Flavor,STD,KS,1,1
Chattrapati Shivaji,India,PMI,Regular,Full Flavor,SLI,KS,1,2
Cairo,Egypt,PMI,Regular,Full Flavor,STD,KS,1,3
Katowice,Poland,PMI,Regular,Full Flavor,STD,KS,1,6
Chitose,Japan,PMI,Regular,Full Flavor,STD,KS,1,8
Roland Garros,Reunion,PMI,Regular,Full Flavor,STD,KS,1,0
Krasnoyarsk,Russia,PMI,NTD Caps,Full Flavor,STD,KS,1,2
Valencia,Spain DP,PMI,Regular,Full Flavor,STD,KS,1,7
Recife,Brazil,PMI,Regular,Full Flavor,SLI,KS,1,2
Fortaleza,Brazil,PMI,Regular,Full Flavor,SLI,KS,1,2
Oslo,Norway,PMI,Regular,Full Flavor,STD,KS,1,4
Guernsey,Great Britain,PMI,Regular,Full Flavor,SLI,KS,1,3
Fes,Morocco,PMI,Regular,Full Flavor,STD,KS,1,4
Muan,South Korea,PMI,NTD Caps,Full Flavor,STD,KS,1,4
Mazatlan,Mexico,PMI,Menthol Caps,Full Flavor,STD,KS,1,3
Perth,Australia,PMI,Menthol,Full Flavor,STD,KS,1,1
Belize City,Belize,PMI,Menthol Caps,Full Flavor,STD,KS,1,0
Reus,Spain DP,PMI,Regular,Full Flavor,SLI,KS,1,2
Marsa Aalam,Egypt,PMI,Regular,Full Flavor,SLI,KS,1,1
Suleymania Airport,Iraq,PMI,Regular,Full Flavor,STD,KS,1,3
Sandefjord-Torp,Norway,PMI,NTD Caps,Full Flavor,STD,KS,1,1
Lima,Peru,PMI,Regular,Full Flavor,STD,KS,1,0
Ibiza,Spain,PMI,Regular,Full Flavor,STD,KS,1,7
Skopje,Macedonia,PMI,Regular,Full Flavor,STD,KS,1,1
Verona,Italy,PMI,Regular,Full Flavor,SLI,KS,1,3
Incheon,South Korea,PMI,Menthol Caps,Full Flavor,STD,KS,1,2
Amman,Jordan,PMI,Regular,Full Flavor,SLI,KS,1,2
Brasilia,Brazil,PMI,NTD Caps,Full Flavor,STD,KS,1,3
Soekarno Hatta,Indonesia,PMI,Menthol Caps,Full Flavor,STD,KS,1,1
Barcelona,Spain DP,PMI,Regular,Full Flavor,SLI,KS,1,2
Sharjah,United Arab Emirates,PMI,Menthol Caps,Full Flavor,STD,KS,1,1
Taichung,Taiwan,PMI,Menthol Caps,Full Flavor,STD,KS,1,1
Wuxi Shuofang,China,PMI,Menthol Caps,Full Flavor,STD,KS,1,3
Manila - Ninoy Aquino,Philippines,PMI,Regular,Full Flavor,STD,KS,1,1
Gran Canaria,Canary Islands,PMI,Regular,Full Flavor,STD,KS,1,1
Nantes,France DP,PMI,Regular,Full Flavor,STD,KS,1,9
Togo,Togo,PMI,Menthol,Full Flavor,STD,KS,1,0
Puerto Plata,Dominican Republic,PMI,Regular,Full Flavor,SLI,KS,1,2
Quito,Ecuador,PMI,Menthol,Full Flavor,STD,KS,1,0
San Jose,Costa Rica,PMI,Regular,Full Flavor,STD,KS,1,1
Tbilisi,Georgia,PMI,Regular,Full Flavor,STD,KS,1,1
Daegu,South Korea,PMI,Regular,Lights,SLI,KS,1,1
Copenhagen,Denmark,PMI,Regular,Full Flavor,STD,KS,1,3
Port Louis,Mauritius,PMI,Regular,Full Flavor,SLI,KS,1,0
Porto Alegre,Brazil,PMI,Regular,Full Flavor,SLI,KS,1,2
Denizli Cardak Airport,Turkey,PMI,Regular,Full Flavor,STD,KS,1,14
Valencia,Spain,PMI,Regular,Full Flavor,STD,KS,1,7
Bergen,Norway,PMI,Regular,Full Flavor,SLI,KS,1,1
Murcia,Spain DP,PMI,Regular,Full Flavor,STD,KS,1,7
Belize City,Belize,PMI,Regular,Full Flavor,SLI,KS,1,0
Kaohsiung,Taiwan,PMI,NTD Caps,Full Flavor,STD,KS,1,1
Nanning Wuxu,China,PMI,Menthol,Full Flavor,STD,KS,1,3
Radom,Poland,PMI,Regular,Full Flavor,STD,KS,1,5
Chitose,Japan,PMI,NTD Caps,Full Flavor,STD,KS,1,6
Ibaraki,Japan,PMI,Regular,Full Flavor,STD,KS,1,8
Beijing,China,PMI,Menthol Caps,Full Flavor,STD,KS,1,4
Tokyo - Haneda,Japan,PMI,NTD Caps,Full Flavor,STD,KS,1,6
Cape Town,South Africa,PMI,Regular,Full Flavor,STD,KS,1,2
Santo Domingo Las Americas,Dominican Republic,PMI,NTD Caps,Full Flavor,STD,KS,1,3
Aberdeen,Great Britain,PMI,Regular,Full Flavor,STD,KS,1,5
Nouakchott,Mauritania,PMI,Regular,Full Flavor,STD,KS,1,0
Cardiff,Great Britain,PMI,Regular,Full Flavor,STD,KS,1,5
Espargos,Cape Verde,PMI,Regular,Full Flavor,SLI,KS,1,1
Hangzhou Xiaoshan,China,PMI,Menthol Caps,Full Flavor,STD,KS,1,4
Kigali,Rwanda,PMI,Regular,Full Flavor,STD,KS,1,0
Urumchi Diwobao,China,PMI,Regular,Full Flavor,STD,KS,1,7
San Salvador Comalapa,El Salvador,PMI,Menthol,Full Flavor,STD,KS,1,0
Jinan Xiaoqiang,China,PMI,Menthol Caps,Full Flavor,STD,KS,1,4
Sharm El Sheikh,Egypt,PMI,Regular,Full Flavor,SLI,KS,1,1
Togo,Togo,PMI,Regular,Full Flavor,STD,KS,1,0
Fuzhou Changle,China,PMI,Menthol Caps,Full Flavor,STD,KS,1,4
Munich,Germany,PMI,Regular,Full Flavor,STD,KS,1,6
Tirana,Albania,PMI,Regular,Full Flavor,STD,KS,1,0
Santiago Cibao,Dominican Republic,PMI,Regular,Full Flavor,STD,KS,1,4
Tuzla,Bosnia-Herzegovinia,PMI,Regular,Full Flavor,STD,KS,1,2
Bourgas,Bulgaria,PMI,Regular,Full Flavor,STD,KS,1,2
Chania,Greece,PMI,Regular,Full Flavor,SLI,KS,1,8
Palermo,Italy,PMI,Regular,Full Flavor,SLI,KS,1,2
Shanghai Pudong,China,PMI,Regular,Full Flavor,STD,KS,1,7
Gdansk,Poland,PMI,Regular,Full Flavor,SLI,KS,1,2
St. Maarten Princess Juliana,Saint Marteen (NL),PMI,Menthol Caps,Full Flavor,STD,KS,1,0
Agadir,Morocco,PMI,NTD Caps,Full Flavor,STD,KS,1,6
Abu Dhabi,United Arab Emirates,PMI,Regular,Full Flavor,SLI,KS,1,2
Tokyo - Narita,Japan,PMI,Regular,Full Flavor,STD,KS,1,9
London City,Great Britain,PMI,Regular,Full Flavor,STD,KS,1,5
Cancun,Mexico,PMI,Menthol,Full Flavor,STD,KS,1,1
Tel-Aviv,Israel,PMI,Regular,Lights,STD,KS,1,0
Managua,Nicaragua,PMI,Regular,Full Flavor,STD,KS,1,0
Lille,France DP,PMI,Regular,Full Flavor,STD,KS,1,8
Cardiff,Great Britain,PMI,Regular,Full Flavor,SLI,KS,1,3
Stavanger,Norway,PMI,Menthol Caps,Full Flavor,STD,KS,1,1
Zhengzhou Xinzheng,China,PMI,Menthol Caps,Full Flavor,STD,KS,1,4
Trondheim,Norway,PMI,Regular,Full Flavor,SLI,KS,1,1
Ulaanbaatar,Mongolia,PMI,Regular,Full Flavor,STD,KS,1,0
Sevilla,Spain DP,PMI,Regular,Full Flavor,SLI,KS,1,2
Toulouse,France,PMI,Regular,Full Flavor,STD,KS,1,7
Kagoshima,Japan,PMI,Menthol,Full Flavor,STD,KS,1,4
Jomo Kenyatta,Kenya,PMI,NTD Caps,Full Flavor,STD,KS,1,0
Min Vody,Russia,PMI,NTD Caps,Full Flavor,STD,KS,1,2
Fort-de-France,Martinique,PMI,Regular,Lights,STD,KS,1,0
Muan,South Korea,PMI,Menthol,Full Flavor,STD,KS,1,1
Manama,Bahrain,PMI,Regular,Full Flavor,SLI,KS,1,0
Perth,Australia,PMI,Menthol Caps,Full Flavor,STD,KS,1,2
Mexico City,Mexico,PMI,Menthol Caps,Full Flavor,STD,KS,1,3
Konya Airport,Turkey,PMI,NTD Caps,Full Flavor,STD,KS,1,11
Everrich Downtown Kinmen,Taiwan,PMI,Menthol Caps,Full Flavor,SLI,KS,1,1
Reus,Spain,PMI,Regular,Full Flavor,STD,KS,1,7
Birmingham,Great Britain,PMI,Regular,Full Flavor,SLI,KS,1,3
Ras El Khaymah,United Arab Emirates,PMI,Regular,Full Flavor,SLI,KS,1,2
Istanbul Asia Airport,Turkey,PMI,NTD Caps,Full Flavor,STD,KS,1,11
Wenzhou Longwan,China,PMI,NTD Caps,Full Flavor,STD,KS,1,6
Abu Dhabi,United Arab Emirates,PMI,NTD Caps,Full Flavor,STD,KS,1,3
Edinburgh,Great Britain,PMI,Regular,Full Flavor,SLI,KS,1,3
Billund,Denmark,PMI,Regular,Full Flavor,SLI,KS,1,3
Santander,Spain DP,PMI,Regular,Full Flavor,SLI,KS,1,2
Antalya Airport,Turkey,PMI,Regular,Full Flavor,STD,KS,1,14
Oranjestad,Aruba,PMI,NTD Caps,Full Flavor,STD,KS,1,0
Naha,Japan,PMI,Menthol Caps,Full Flavor,STD,KS,1,3
Quito,Ecuador,PMI,Menthol Caps,Full Flavor,STD,KS,1,1
Kagoshima,Japan,PMI,NTD Caps,Full Flavor,STD,KS,1,6
La Romana,Dominican Republic,PMI,Regular,Full Flavor,STD,KS,1,4
Oujda,Morocco,PMI,Menthol,Full Flavor,STD,KS,1,1
Kaohsiung,Taiwan,PMI,Menthol Caps,Full Flavor,SLI,KS,1,1
Santander,Spain,PMI,Regular,Full Flavor,SLI,KS,1,2
Shizuoka,Japan,PMI,Regular,Full Flavor,STD,KS,1,9
Kaohsiung,Taiwan,PMI,Regular,Full Flavor,STD,KS,1,1
Luxor,Egypt,PMI,NTD Caps,Full Flavor,STD,KS,1,1
Cape Town,South Africa,PMI,NTD Caps,Full Flavor,STD,KS,1,1
Basrah,Iraq,PMI,Regular,Full Flavor,STD,KS,1,3
Min Vody,Russia,PMI,Menthol Caps,Full Flavor,STD,KS,1,1
Shizuoka,Japan,PMI,NTD Caps,Full Flavor,STD,KS,1,6
Eskisehir Airport,Turkey,PMI,NTD Caps,Full Flavor,STD,KS,1,11
Baku,Azerbaijan,PMI,Regular,Full Flavor,STD,KS,1,0
Incheon,South Korea,PMI,Regular,Full Flavor,SLI,KS,1,2
Paderborn,Germany,PMI,Regular,Full Flavor,STD,KS,1,5
Istanbul Asia Airport,Turkey,PMI,Regular,Full Flavor,STD,KS,1,15
Kigali,Rwanda,PMI,Regular,Full Flavor,SLI,KS,1,0
Belize City,Belize,PMI,Regular,Full Flavor,STD,KS,1,0
Malaga,Spain,PMI,Regular,Full Flavor,STD,KS,1,7
Kaunas,Lithuania,PMI,Regular,Full Flavor,STD,KS,1,1
Riga,Latvia,PMI,Regular,Full Flavor,STD,KS,1,0
Guadalajara,Mexico,PMI,Menthol,Full Flavor,STD,KS,1,1
Beirut - Rafik Hariri,Lebanon,PMI,Menthol Caps,Full Flavor,STD,KS,1,0
Macau,Macau,PMI,Menthol Caps,Full Flavor,STD,KS,1,0
Manama,Bahrain,PMI,Menthol Caps,Full Flavor,STD,KS,1,0
Cukurova Airport,Turkey,PMI,Menthol Caps,Full Flavor,STD,KS,1,5
Medellin Jose Maria Cordova,Colombia,PMI,NTD Caps,Full Flavor,STD,KS,1,1
Torino,Italy,PMI,Regular,Full Flavor,SLI,KS,1,3
Ibaraki,Japan,PMI,NTD Caps,Full Flavor,STD,KS,1,5
Curacao,Curazao,PMI,Menthol Caps,Full Flavor,STD,KS,1,0
Kunming Wujiaba,China,PMI,Menthol Caps,Full Flavor,STD,KS,1,4
Casablanca,Morocco,PMI,Regular,Full Flavor,SLI,KS,1,1
Espargos,Cape Verde,PMI,Regular,Full Flavor,STD,KS,1,1
Prague,Czech Republic,PMI,Regular,Full Flavor,SLI,KS,1,2
Alicante,Spain,PMI,Regular,Full Flavor,STD,KS,1,7
Hamburg,Germany,PMI,Regular,Full Flavor,STD,KS,1,6
Tokyo - Haneda,Japan,PMI,Menthol Caps,Full Flavor,STD,KS,1,3
Almeria,Spain,PMI,Regular,Full Flavor,STD,KS,1,7
Panama Tocumen,Panama,PMI,NTD Caps,Full Flavor,STD,KS,1,0
Xuzhou Guanyin,China,PMI,Regular,Full Flavor,STD,KS,1,7
Rabil,Cape Verde,PMI,Menthol,Full Flavor,STD,KS,1,1
Pengsheng,China,PMI,Menthol Caps,Full Flavor,STD,KS,1,4
Basseterre (Saint Kitts),Caribbean Other,PMI,Menthol,Full Flavor,STD,KS,1,2
Paramaribo,Suriname,PMI,NTD Caps,Full Flavor,STD,KS,1,0
Guadalajara,Mexico,PMI,NTD Caps,Full Flavor,STD,KS,1,3
Basel,Switzerland,PMI,Regular,Full Flavor,SLI,KS,1,1
Luanda,Angola,PMI,NTD Caps,Full Flavor,STD,KS,1,0
Monastir,Tunisia,PMI,Regular,Full Flavor,STD,KS,1,4
Fort-de-France,Martinique,PMI,Regular,Full Flavor,STD,KS,1,0
Kralendijk (Bonaire),Caribbean Other,PMI,Menthol,Full Flavor,STD,KS,1,1
Danang,Vietnam,PMI,Menthol Caps,Full Flavor,STD,KS,1,1
Medina,Saudi Arabia,PMI,Regular,Full Flavor,SLI,KS,1,2
Asyut,Egypt,PMI,Regular,Full Flavor,SLI,KS,1,1
Elblag,Poland,PMI,Regular,Full Flavor,SLI,KS,1,2
La Romana,Dominican Republic,PMI,Menthol Caps,Full Flavor,STD,KS,1,3
Chongqing Jiangbei,China,PMI,Menthol Caps,Full Flavor,STD,KS,1,4
Cancun,Mexico,PMI,Regular,Full Flavor,STD,KS,1,6
Port-au-Prince (Haiti),Caribbean Other,PMI,Menthol Caps,Full Flavor,STD,KS,1,1
Glasgow Prestwick,Great Britain,PMI,Regular,Full Flavor,STD,KS,1,4
Warsaw-Modlin,Poland,PMI,Regular,Full Flavor,STD,KS,1,6
Brasilia,Brazil,PMI,Menthol,Full Flavor,STD,KS,1,1
Tel-Aviv,Israel,PMI,Regular,Full Flavor,STD,KS,1,0
Chambery,France,PMI,Regular,Full Flavor,SLI,KS,1,2
Pisa,Italy,PMI,Regular,Full Flavor,STD,KS,1,8
Zagreb,Croatia,PMI,Regular,Full Flavor,SLI,KS,1,1
Istanbul Airport,Turkey,PMI,Menthol Caps,Full Flavor,STD,KS,1,5
Accra,Ghana,PMI,Menthol,Full Flavor,STD,KS,1,0
Essaouira,Morocco,PMI,Menthol,Full Flavor,STD,KS,1,1
Gaziantep Airport,Turkey,PMI,NTD Caps,Full Flavor,STD,KS,1,11
Wenzhou Longwan,China,PMI,Menthol Caps,Full Flavor,STD,KS,1,4
Queretaro,Mexico,PMI,Regular,Full Flavor,SLI,KS,1,1
Krasnoyarsk,Russia,PMI,Regular,Full Flavor,STD,KS,1,7
Ixtapa Zihuatanejo,Mexico,PMI,Regular,Full Flavor,STD,KS,1,5
Mudanjiang Hailang,China,PMI,Menthol Caps,Full Flavor,STD,KS,1,4
Muan,South Korea,PMI,Regular,Full Flavor,STD,KS,1,4
Florianopolis,Brazil,PMI,Regular,Full Flavor,SLI,KS,1,2
Bergen,Norway,PMI,NTD Caps,Full Flavor,STD,KS,1,1
Kutahya Airport,Turkey,PMI,Regular,Full Flavor,SLI,KS,1,8
Christchurch,New Zealand,PMI,Regular,Full Flavor,STD,KS,1,2
Lima,Peru,PMI,Regular,Full Flavor,SLI,KS,1,0
Cali,Colombia,PMI,NTD Caps,Full Flavor,STD,KS,1,1
Marseille,France,PMI,Regular,Full Flavor,SLI,KS,1,2
Dubai,United Arab Emirates,PMI,Menthol Caps,Full Flavor,STD,KS,1,1
Rome Fiumicino,Italy,PMI,Regular,Full Flavor,SLI,KS,1,3
Poznan-Lawica,Poland,PMI,Regular,Full Flavor,STD,KS,1,5
Sharjah,United Arab Emirates,PMI,Regular,Lights,STD,KS,1,2
Abidjan,Ivory Coast,PMI,Menthol,Full Flavor,STD,KS,1,0
Aomori,Japan,PMI,Regular,Full Flavor,STD,KS,1,9
Chania,Greece,PMI,Regular,Full Flavor,STD,KS,1,8
Jomo Kenyatta,Kenya,PMI,Regular,Full Flavor,SLI,KS,1,1
Adana Airport,Turkey,PMI,Regular,Lights,STD,KS,1,1
Hebei,China,PMI,Menthol Caps,Full Flavor,STD,KS,1,4
Kuala Lumpur,Malaysia,PMI,Menthol,Full Flavor,SLI,KS,1,1
Kinshasa,"Congo, Rep. Dem.",PMI,Regular,Full Flavor,STD,KS,1,0
Eskisehir Airport,Turkey,PMI,Regular,Lights,STD,KS,1,1
Kutaisi,Georgia,PMI,Regular,Full Flavor,SLI,KS,1,1
Guiyang Longdongbao,China,PMI,Regular,Full Flavor,STD,KS,1,7
Oujda,Morocco,PMI,NTD Caps,Full Flavor,STD,KS,1,5
Poznan-Lawica,Poland,PMI,Regular,Full Flavor,SLI,KS,1,2
Sendai,Japan,PMI,Regular,Full Flavor,STD,KS,1,9
Togo,Togo,PMI,Regular,Full Flavor,SLI,KS,1,0
Komatsu,Japan,PMI,Menthol,Full Flavor,STD,KS,1,4
Kota Kinabalu,Malaysia,PMI,NTD Caps,Full Flavor,STD,KS,1,1
Moscow - Sheremetyevo,Russia,PMI,NTD Caps,Full Flavor,STD,KS,1,2
Batumi,Georgia,PMI,Regular,Full Flavor,STD,KS,1,2
Sao Paulo - Guarulhos,Brazil,PMI,NTD Caps,Full Flavor,STD,KS,1,3
Viracopos,Brazil,PMI,Regular,Full Flavor,STD,KS,1,5
Kingston,Jamaica,PMI,Menthol Caps,Full Flavor,STD,KS,1,1
Hebei,China,PMI,Regular,Full Flavor,STD,KS,1,7
Incheon,South Korea,PMI,Regular,Full Flavor,STD,KS,1,5
Yanji Zhaoyangchuan,China,PMI,Regular,Full Flavor,STD,KS,1,7
Buenos Aires - Ezeiza,Argentina,PMI,NTD Caps,Full Flavor,STD,KS,1,1
Marka,Jordan,PMI,Regular,Full Flavor,STD,KS,1,2
Gerona,Spain,PMI,Regular,Full Flavor,STD,KS,1,7
Guangzhou Baiyun,China,PMI,NTD Caps,Full Flavor,STD,KS,1,6
Chubu,Japan,PMI,Menthol,Full Flavor,STD,KS,1,4
Changchun Longjia,China,PMI,Menthol Caps,Full Flavor,STD,KS,1,4
Oslo,Norway,PMI,NTD Caps,Full Flavor,STD,KS,1,1
Yantai Penglai,China,PMI,NTD Caps,Full Flavor,STD,KS,1,6
Ouarzazate,Morocco,PMI,Regular,Full Flavor,STD,KS,1,4
Cali,Colombia,PMI,Menthol Caps,Full Flavor,STD,KS,1,2
Murcia,Spain DP,PMI,Regular,Full Flavor,SLI,KS,1,2
Treviso,Italy,PMI,Regular,Full Flavor,STD,KS,1,8
Izmir Airport,Turkey,PMI,Regular,Full Flavor,STD,KS,1,15
Nador,Morocco,PMI,Menthol Caps,Full Flavor,STD,KS,1,1
Varna,Bulgaria,PMI,Regular,Full Flavor,STD,KS,1,2
Cozumel,Mexico,PMI,Menthol,Full Flavor,STD,KS,1,1
Hiroshima,Japan,PMI,Menthol,Full Flavor,STD,KS,1,4
Daegu,South Korea,PMI,Regular,Full Flavor,SLI,KS,1,2
Adelaide,Australia,PMI,NTD Caps,Full Flavor,STD,KS,1,3
Kuwait,Kuwait,PMI,Regular,Ultralights,STD,KS,1,0
St. George's Point Saline,Grenada,PMI,Regular,Full Flavor,STD,KS,1,0
Quito,Ecuador,PMI,Regular,Full Flavor,SLI,KS,1,1
Palermo,Italy,PMI,Regular,Full Flavor,STD,KS,1,7
Mudanjiang Hailang,China,PMI,NTD Caps,Full Flavor,STD,KS,1,6
Mandalay,Myanmar,PMI,Menthol Caps,Full Flavor,STD,KS,1,1
Oslo,Norway,PMI,Menthol Caps,Full Flavor,STD,KS,1,1
Fes,Morocco,PMI,Regular,Full Flavor,SLI,KS,1,1
Strasbourg,France,PMI,Regular,Full Flavor,SLI,KS,1,2
Salzburg,Austria,PMI,Regular,Full Flavor,SLI,KS,1,1
Gibraltar,Gibraltar,PMI,Regular,Full Flavor,STD,KS,1,0
Johannesburg,South Africa,PMI,Regular,Full Flavor,SLI,KS,1,1
Marseille,France DP,PMI,Regular,Lights,STD,KS,1,2
Chongqing Jiangbei,China,PMI,Regular,Full Flavor,STD,KS,1,7
Samsun Airport,Turkey,PMI,Regular,Full Flavor,STD,KS,1,14
Rabil,Cape Verde,PMI,NTD Caps,Full Flavor,STD,KS,1,1
Baghdad,Iraq,PMI,NTD Caps,Full Flavor,STD,KS,1,2
Hangzhou Xiaoshan,China,PMI,Menthol,Full Flavor,STD,KS,1,3
Muscat,Oman,PMI,Regular,Ultralights,STD,KS,1,1
Cali,Colombia,PMI,Regular,Full Flavor,SLI,KS,1,1
Cozumel,Mexico,PMI,Regular,Full Flavor,SLI,KS,1,2
Jeddah,Saudi Arabia,PMI,Regular,Full Flavor,STD,KS,1,1
Naples,Italy,PMI,Regular,Full Flavor,SLI,KS,1,3
Taipei - Taoyuan,Taiwan,PMI,Menthol Caps,Full Flavor,STD,KS,1,1
Urumchi Diwobao,China,PMI,NTD Caps,Full Flavor,STD,KS,1,6
Basel,Switzerland,PMI,NTD Caps,Full Flavor,STD,KS,1,1
Abuja,Nigeria,PMI,Regular,Full Flavor,STD,KS,1,1
Okayama,Japan,PMI,Regular,Full Flavor,STD,KS,1,9
Jerez De La Frontera,Spain,PMI,Regular,Full Flavor,SLI,KS,1,2
Espargos,Cape Verde,PMI,NTD Caps,Full Flavor,STD,KS,1,1
Praia,Cape Verde,PMI,NTD Caps,Full Flavor,STD,KS,1,1
Muscat,Oman,PMI,NTD Caps,Full Flavor,STD,KS,1,1
Malaga,Spain DP,PMI,Regular,Full Flavor,SLI,KS,1,2
Nice,France DP,PMI,Regular,Full Flavor,SLI,KS,1,2
Doha,Qatar,PMI,NTD Caps,Full Flavor,STD,KS,1,0
Medellin Jose Maria Cordova,Colombia,PMI,Menthol,Full Flavor,STD,KS,1,2
Newcastle,Great Britain,PMI,Regular,Full Flavor,SLI,KS,1,3
Salalah,Oman,PMI,Regular,Ultralights,STD,KS,1,1
Venice,Italy,PMI,Regular,Full Flavor,SLI,KS,1,3
Sofia,Bulgaria,PMI,Regular,Full Flavor,STD,KS,1,1
Rosario,Argentina,PMI,Regular,Full Flavor,SLI,KS,1,2
Salalah,Oman,PMI,NTD Caps,Full Flavor,STD,KS,1,1
Sendai,Japan,PMI,Menthol,Full Flavor,STD,KS,1,4
Marrakech,Morocco,PMI,Menthol,Full Flavor,STD,KS,1,1
Trondheim,Norway,PMI,Regular,Full Flavor,STD,KS,1,3
Tulear,Madagascar,PMI,Regular,Full Flavor,STD,KS,1,0
Shanghai Pudong,China,PMI,NTD Caps,Full Flavor,STD,KS,1,6
Konya Airport,Turkey,PMI,Regular,Full Flavor,STD,KS,1,14
Fukushima,Japan,PMI,Regular,Full Flavor,STD,KS,1,9
Kuala Lumpur,Malaysia,PMI,Menthol,Full Flavor,STD,KS,1,1
Durban,South Africa,PMI,Regular,Full Flavor,STD,KS,1,2
St. Maarten Princess Juliana,Saint Marteen (NL),PMI,Regular,Full Flavor,SLI,KS,1,0
Melbourne,Australia,PMI,Menthol,Full Flavor,STD,KS,1,2
La Romana,Dominican Republic,PMI,Regular,Full Flavor,SLI,KS,1,2
Grenoble,France,PMI,Regular,Lights,STD,KS,1,2
Cairns,Australia,PMI,NTD Caps,Full Flavor,STD,KS,1,3
Monastir,Tunisia,PMI,Menthol,Full Flavor,STD,KS,1,1
Oranjestad,Aruba,PMI,Regular,Full Flavor,STD,KS,1,0
Nanjing Lukou,China,PMI,NTD Caps,Full Flavor,STD,KS,1,6
Ho Chi Minh,Vietnam,PMI,Regular,Full Flavor,STD,KS,1,1
Bogota,Colombia,PMI,Regular,Full Flavor,SLI,KS,1,1
Enfidha,Tunisia,PMI,Regular,Full Flavor,SLI,KS,1,1
Trondheim,Norway,PMI,Menthol Caps,Full Flavor,STD,KS,1,1
Kos,Greece,PMI,Regular,Full Flavor,SLI,KS,1,8
Orebro,Sweden,PMI,Regular,Full Flavor,STD,KS,1,3
Praia,Cape Verde,PMI,Menthol Caps,Full Flavor,STD,KS,1,1
Southampton,Great Britain,PMI,Regular,Full Flavor,SLI,KS,1,3
Ioannina,Greece,PMI,Regular,Full Flavor,STD,KS,1,9
Bangalore,India,PMI,NTD Caps,Full Flavor,STD,KS,1,2
Santo Domingo Las Americas,Dominican Republic,PMI,Regular,Full Flavor,SLI,KS,1,2
Beijing,China,PMI,NTD Caps,Full Flavor,STD,KS,1,6
La Palma,Canary Islands,PMI,Regular,Full Flavor,SLI,KS,1,1
Busan - Kimhae,South Korea,PMI,Regular,Lights,SLI,KS,1,1
Bourgas,Bulgaria,PMI,Regular,Full Flavor,SLI,KS,1,1
Sanya Fenghuang,China,PMI,Menthol Caps,Full Flavor,STD,KS,1,4
Puerto Plata,Dominican Republic,PMI,NTD Caps,Full Flavor,STD,KS,1,3
Tenerife,Canary Islands,PMI,Regular,Full Flavor,STD,KS,1,1
Addis Ababa,Ethiopia,PMI,Menthol Caps,Full Flavor,STD,KS,1,0
Cheongju,South Korea,PMI,Regular,Full Flavor,STD,KS,1,5
Mazatlan,Mexico,PMI,Menthol,Full Flavor,STD,KS,1,1
Yangyang,South Korea,PMI,Regular,Full Flavor,STD,KS,1,4
Zia,Bangladesh,PMI,NTD Caps,Full Flavor,STD,KS,1,0
Venice,Italy,PMI,Regular,Full Flavor,STD,KS,1,8
Recife,Brazil,PMI,NTD Caps,Full Flavor,STD,KS,1,3
Yancheng Nanyang,China,PMI,Menthol Caps,Full Flavor,STD,KS,1,4
Changsha Huanghua,China,PMI,Menthol,Full Flavor,STD,KS,1,3
Bangalore,India,PMI,Regular,Full Flavor,SLI,KS,1,1
Changchun Longjia,China,PMI,Menthol,Full Flavor,STD,KS,1,3
Kralendijk (Bonaire),Caribbean Other,PMI,NTD Caps,Full Flavor,STD,KS,1,1
Taiyuan Wusu,China,PMI,Menthol,Full Flavor,STD,KS,1,3
Reus,Spain DP,PMI,Regular,Full Flavor,STD,KS,1,7
Praia,Cape Verde,PMI,Regular,Full Flavor,SLI,KS,1,2
Oranjestad,Aruba,PMI,Menthol Caps,Full Flavor,STD,KS,1,0
Kavala,Greece,PMI,Regular,Full Flavor,STD,KS,1,9
Asturias,Spain,PMI,Regular,Full Flavor,STD,KS,1,7
Pisa,Italy,PMI,Regular,Full Flavor,SLI,KS,1,3
Paramaribo,Suriname,PMI,Regular,Full Flavor,STD,KS,1,0
Bujumbura,Burundi,PMI,NTD Caps,Full Flavor,STD,KS,1,0
Sihanoukville,Cambodia,PMI,Regular,Full Flavor,SLI,KS,1,1
Pointe-a-Pitre,Guadalupe,PMI,Regular,Full Flavor,SLI,KS,1,0
Banjul,Gambia,PMI,Regular,Full Flavor,STD,KS,1,0
Kutahya Airport,Turkey,PMI,Menthol Caps,Full Flavor,STD,KS,1,5
Kinshasa,"Congo, Rep. Dem.",PMI,Regular,Full Flavor,SLI,KS,1,0
Zakynthos,Greece,PMI,Regular,Full Flavor,STD,KS,1,9
Osaka - Kansai,Japan,PMI,Regular,Full Flavor,STD,KS,1,9
Belo Horizonte,Brazil,PMI,Menthol Caps,Full Flavor,STD,KS,1,2
Edinburgh,Great Britain,PMI,Regular,Full Flavor,STD,KS,1,5
Aswan,Egypt,PMI,Regular,Full Flavor,STD,KS,1,3
Kuwait,Kuwait,PMI,Menthol Caps,Full Flavor,STD,KS,1,0
Sevilla,Spain,PMI,Regular,Full Flavor,SLI,KS,1,2
Dar Es Salaam,Tanzania,PMI,NTD Caps,Full Flavor,STD,KS,1,1
Naha,Japan,PMI,Regular,Full Flavor,STD,KS,1,8
Antalya Airport,Turkey,PMI,Menthol Caps,Full Flavor,STD,KS,1,5
Varna,Bulgaria,PMI,Regular,Full Flavor,SLI,KS,1,1
Everrich Downtown Kinmen,Taiwan,PMI,Menthol Caps,Full Flavor,STD,KS,1,1
Zhengzhou Xinzheng,China,PMI,Regular,Full Flavor,STD,KS,1,7
Seoul,South Korea,PMI,Regular,Lights,SLI,KS,1,1
Bamako,Mali,PMI,Regular,Full Flavor,STD,KS,1,0
Bridgetown,Barbados,PMI,Regular,Full Flavor,SLI,KS,1,0
Faro Airport,Portugal,PMI,Regular,Full Flavor,SLI,KS,1,1
Astrakhan,Russia,PMI,NTD Caps,Full Flavor,STD,KS,1,2
Puerto Vallarta,Mexico,PMI,Regular,Full Flavor,STD,KS,1,5
Liverpool,Great Britain,PMI,Regular,Full Flavor,SLI,KS,1,3
Cheongju,South Korea,PMI,Menthol,Full Flavor,STD,KS,1,1
Dar Es Salaam,Tanzania,PMI,Regular,Full Flavor,STD,KS,1,2
Ankara Airport,Turkey,PMI,Menthol Caps,Full Flavor,STD,KS,1,5
Lanzarote,Canary Islands,PMI,Regular,Full Flavor,STD,KS,1,1
Kuwait,Kuwait,PMI,NTD Caps,Full Flavor,STD,KS,1,0
Guayaquil,Ecuador,PMI,NTD Caps,Full Flavor,STD,KS,1,1
La Paz Manuel Marquez de Leon,Mexico,PMI,Menthol,Full Flavor,STD,KS,1,1
Jinan Xiaoqiang,China,PMI,NTD Caps,Full Flavor,STD,KS,1,6
Brisbane,Australia,PMI,NTD Caps,Full Flavor,STD,KS,1,3
Hanoi,Vietnam,PMI,Regular,Full Flavor,STD,KS,1,1
Bournemouth,Great Britain,PMI,Regular,Full Flavor,STD,KS,1,5
Faro Airport,Portugal,PMI,Regular,Full Flavor,STD,KS,1,1
Penang,Malaysia,PMI,NTD Caps,Full Flavor,STD,KS,1,1
Yangon,Myanmar,PMI,Regular,Full Flavor,STD,KS,1,1
Mahon Airport,Spain,PMI,Regular,Full Flavor,STD,KS,1,7
Hurgada,Egypt,PMI,Regular,Full Flavor,STD,KS,1,4
Ixtapa Zihuatanejo,Mexico,PMI,Regular,Full Flavor,SLI,KS,1,2
Luxor,Egypt,PMI,Menthol Caps,Full Flavor,STD,KS,1,1
Doha,Qatar,PMI,Regular,Full Flavor,STD,KS,1,0
Istanbul Asia Airport,Turkey,PMI,Menthol Caps,Full Flavor,STD,KS,1,5
Marrakech,Morocco,PMI,Regular,Full Flavor,STD,KS,1,5
Xuzhou Guanyin,China,PMI,Menthol Caps,Full Flavor,STD,KS,1,4
Tulear,Madagascar,PMI,Regular,Full Flavor,SLI,KS,1,0
Marrakech,Morocco,PMI,Menthol Caps,Full Flavor,STD,KS,1,1
Kota Kinabalu,Malaysia,PMI,Menthol Caps,Full Flavor,STD,KS,1,1
Heraklion Airport,Greece,PMI,Regular,Full Flavor,SLI,KS,1,8
Rio de Janeiro,Brazil,PMI,Menthol Caps,Full Flavor,STD,KS,1,2
Jomo Kenyatta,Kenya,PMI,Regular,Full Flavor,STD,KS,1,1
Ankara Airport,Turkey,PMI,Regular,Full Flavor,SLI,KS,1,8
Almeria,Spain DP,PMI,Regular,Full Flavor,SLI,KS,1,2
Mykonos,Greece,PMI,Regular,Full Flavor,SLI,KS,1,8
Punta Cana - Higuey,Dominican Republic,PMI,Menthol,Full Flavor,STD,KS,1,1
Florianopolis,Brazil,PMI,Menthol,Full Flavor,STD,KS,1,1
Dublin,Ireland,PMI,Regular,Full Flavor,SLI,KS,1,2
Qingdao Liuting,China,PMI,Menthol Caps,Full Flavor,STD,KS,1,4
Malaga,Spain DP,PMI,Regular,Full Flavor,STD,KS,1,7
Hefei Xinqiao,China,PMI,NTD Caps,Full Flavor,STD,KS,1,6
Murcia,Spain,PMI,Regular,Full Flavor,STD,KS,1,7
Natal,Brazil,PMI,NTD Caps,Full Flavor,STD,KS,1,3
Munster-Osnabruck,Germany,PMI,Regular,Full Flavor,SLI,KS,1,5
Fukuoka,Japan,PMI,Regular,Full Flavor,STD,KS,1,9
Ekaterinburg,Russia,PMI,Regular,Full Flavor,STD,KS,1,7
Nanning Wuxu,China,PMI,NTD Caps,Full Flavor,STD,KS,1,6
Wuhan Tianhe,China,PMI,Menthol,Full Flavor,STD,KS,1,3
Melbourne,Australia,PMI,NTD Caps,Full Flavor,STD,KS,1,3
Bogota,Colombia,PMI,Menthol,Full Flavor,STD,KS,1,1
Geneva,Switzerland,PMI,Menthol Caps,Full Flavor,STD,KS,1,1
Nador,Morocco,PMI,Menthol,Full Flavor,STD,KS,1,1
Zia,Bangladesh,PMI,Regular,Full Flavor,SLI,KS,1,0
Jinan Xiaoqiang,China,PMI,Regular,Full Flavor,STD,KS,1,7
Istanbul Asia Airport,Turkey,PMI,Regular,Full Flavor,SLI,KS,1,8
Jeddah,Saudi Arabia,PMI,Regular,Full Flavor,SLI,KS,1,1
Basseterre (Saint Kitts),Caribbean Other,PMI,Regular,Full Flavor,SLI,KS,1,2
Bujumbura,Burundi,PMI,Regular,Full Flavor,STD,KS,1,0
Ningbo Lishe,China,PMI,NTD Caps,Full Flavor,STD,KS,1,6
Santiago De Compostela,Spain,PMI,Regular,Full Flavor,STD,KS,1,7
Florianopolis,Brazil,PMI,Regular,Full Flavor,STD,KS,1,5
Adelaide,Australia,PMI,Regular,Full Flavor,STD,KS,1,3
Abidjan,Ivory Coast,PMI,Regular,Full Flavor,SLI,KS,1,0
Xuzhou Guanyin,China,PMI,Menthol,Full Flavor,STD,KS,1,3
Mandalay,Myanmar,PMI,Regular,Full Flavor,STD,KS,1,1
Krasnoyarsk,Russia,PMI,Menthol Caps,Full Flavor,STD,KS,1,1
Athens,Greece,PMI,Regular,Full Flavor,SLI,KS,1,8
Denizli Cardak Airport,Turkey,PMI,NTD Caps,Full Flavor,STD,KS,1,10
Santiago De Compostela,Spain DP,PMI,Regular,Full Flavor,STD,KS,1,7
Porto Alegre,Brazil,PMI,Menthol Caps,Full Flavor,STD,KS,1,2
A Coruna,Spain DP,PMI,Regular,Full Flavor,STD,KS,1,7
Managua,Nicaragua,PMI,Menthol,Full Flavor,STD,KS,1,0
Cork,Ireland,PMI,Regular,Full Flavor,STD,KS,1,1
San Salvador Comalapa,El Salvador,PMI,Menthol Caps,Full Flavor,STD,KS,1,0
Split,Croatia,PMI,Regular,Full Flavor,SLI,KS,1,1
Incheon,South Korea,PMI,NTD Caps,Full Flavor,STD,KS,1,4
La Paz Manuel Marquez de Leon,Mexico,PMI,NTD Caps,Full Flavor,STD,KS,1,3
Fes,Morocco,PMI,NTD Caps,Full Flavor,STD,KS,1,6
Hanoi,Vietnam,PMI,Menthol,Full Flavor,STD,KS,1,1
Tozeur,Tunisia,PMI,Regular,Full Flavor,STD,KS,1,4
Kingston,Jamaica,PMI,Regular,Full Flavor,STD,KS,1,1
Los Cabos,Mexico,PMI,Regular,Full Flavor,STD,KS,1,6
Doha,Qatar,PMI,Menthol,Full Flavor,STD,KS,1,0
Lagos,Nigeria,PMI,Regular,Full Flavor,STD,KS,1,1
Newcastle,Great Britain,PMI,Regular,Full Flavor,STD,KS,1,5
Kralendijk (Bonaire),Caribbean Other,PMI,Regular,Full Flavor,STD,KS,1,3
Dalaman Airport,Turkey,PMI,Menthol Caps,Full Flavor,STD,KS,1,5
Alicante,Spain DP,PMI,Regular,Full Flavor,STD,KS,1,7
Monastir,Tunisia,PMI,NTD Caps,Full Flavor,STD,KS,1,3
Karpathos,Greece,PMI,Regular,Full Flavor,STD,KS,1,9
Dubai,United Arab Emirates,PMI,Regular,1mg,STD,KS,1,3
Wuhan Tianhe,China,PMI,NTD Caps,Full Flavor,STD,KS,1,6
Hiroshima,Japan,PMI,Menthol Caps,Full Flavor,STD,KS,1,3
Punta Cana - Higuey,Dominican Republic,PMI,Menthol Caps,Full Flavor,STD,KS,1,3
Lodz,Poland,PMI,Regular,Full Flavor,SLI,KS,1,2
Osaka - Kansai,Japan,PMI,Regular,Full Flavor,SLI,KS,1,0
Konya Airport,Turkey,PMI,Menthol Caps,Full Flavor,STD,KS,1,5
Paris Orly,France DP,PMI,Regular,Full Flavor,SLI,KS,1,2
Singapore - Changi,Singapore,PMI,Menthol,Full Flavor,STD,KS,1,0
Abu Dhabi,United Arab Emirates,PMI,Regular,Ultralights,STD,KS,1,3
Moscow - Vnukovo,Russia,PMI,NTD Caps,Full Flavor,STD,KS,1,2
Oranjestad,Aruba,PMI,Regular,Full Flavor,SLI,KS,1,0
Monterrey,Mexico,PMI,Menthol Caps,Full Flavor,STD,KS,1,2
Nador,Morocco,PMI,NTD Caps,Full Flavor,STD,KS,1,6
Monterrey,Mexico,PMI,Regular,Full Flavor,STD,KS,1,6
Pointe-a-Pitre,Guadalupe,PMI,Regular,Lights,STD,KS,1,0
Addis Ababa,Ethiopia,PMI,NTD Caps,Full Flavor,STD,KS,1,0
Guatemala City,Guatemala,PMI,Menthol Caps,Full Flavor,STD,KS,1,0
Konya Airport,Turkey,PMI,Regular,Full Flavor,SLI,KS,1,8
Almeria,Spain DP,PMI,Regular,Full Flavor,STD,KS,1,6
Heraklion Airport,Greece,PMI,Regular,Full Flavor,STD,KS,1,9
Quanzhou,China,PMI,Menthol Caps,Full Flavor,STD,KS,1,4
Lima,Peru,PMI,Menthol,Full Flavor,STD,KS,1,0
Changchun Longjia,China,PMI,Regular,Full Flavor,STD,KS,1,7
Rabat,Morocco,PMI,Menthol,Full Flavor,STD,KS,1,1
Bordeaux,France DP,PMI,Regular,Lights,STD,KS,1,2
Tangier,Morocco,PMI,Regular,Full Flavor,STD,KS,1,5
Guayaquil,Ecuador,PMI,Regular,Full Flavor,STD,KS,1,1
Gran Canaria,Canary Islands,PMI,Regular,Full Flavor,SLI,KS,1,1
Warsaw,Poland,PMI,Regular,Full Flavor,STD,KS,1,6
Samsun Airport,Turkey,PMI,Menthol Caps,Full Flavor,STD,KS,1,5
Shanghai Pudong,China,PMI,Menthol,Full Flavor,STD,KS,1,3
Punta Cana - Higuey,Dominican Republic,PMI,Regular,Full Flavor,STD,KS,1,3
Bodrum Airport,Turkey,PMI,Regular,Full Flavor,STD,KS,1,15
Hurgada,Egypt,PMI,Regular,Full Flavor,SLI,KS,1,1
Mazatlan,Mexico,PMI,Regular,Full Flavor,SLI,KS,1,2
Natal,Brazil,PMI,Regular,Full Flavor,STD,KS,1,5
Diyarbakir Airport,Turkey,PMI,NTD Caps,Full Flavor,STD,KS,1,10
Erbil International Airport,Iraq,PMI,Regular,Lights,STD,KS,1,0
Ohrid,Macedonia,PMI,Regular,Full Flavor,SLI,KS,1,1
Palma De Mallorca,Spain,PMI,Regular,Full Flavor,SLI,KS,1,2
Fes,Morocco,PMI,Menthol Caps,Full Flavor,STD,KS,1,1
Enfidha,Tunisia,PMI,NTD Caps,Full Flavor,STD,KS,1,3
Zanzibar,Tanzania,PMI,Regular,Full Flavor,STD,KS,1,2
Tirana,Albania,PMI,Regular,Full Flavor,SLI,KS,1,0
Aqaba,Jordan,PMI,Regular,Full Flavor,STD,KS,1,2
Incheon,South Korea,PMI,Menthol,Full Flavor,STD,KS,1,1
A Coruna,Spain,PMI,Regular,Full Flavor,STD,KS,1,7
Weihai Dashuibo,China,PMI,Menthol,Full Flavor,STD,KS,1,3
Sochi,Russia,PMI,NTD Caps,Full Flavor,STD,KS,1,2
Vientiane,Laos,PMI,Menthol Caps,Full Flavor,STD,KS,1,0
Tuzla,Bosnia-Herzegovinia,PMI,Regular,Full Flavor,SLI,KS,1,2
Shanghai Hongqiao,China,PMI,NTD Caps,Full Flavor,STD,KS,1,6
Taichung,Taiwan,PMI,Regular,Full Flavor,STD,KS,1,1
Vigo,Spain DP,PMI,Regular,Full Flavor,STD,KS,1,7
Bristol,Great Britain,PMI,Regular,Full Flavor,SLI,KS,1,3
Lanzarote,Canary Islands,PMI,Regular,Full Flavor,SLI,KS,1,1
Bergamo,Italy,PMI,Regular,Full Flavor,STD,KS,1,7
Sharjah,United Arab Emirates,PMI,NTD Caps,Ultralights,STD,KS,1,2
Ngurah Rai,Indonesia,PMI,Regular,Full Flavor,STD,KS,1,1
Jerba,Tunisia,PMI,Menthol,Full Flavor,STD,KS,1,1
Faroe Islands,Denmark,PMI,Regular,Full Flavor,SLI,KS,1,2
Vaxjo,Sweden,PMI,Regular,Full Flavor,SLI,KS,1,1
Quito,Ecuador,PMI,NTD Caps,Full Flavor,STD,KS,1,1
Pamandzi,Mayotte,PMI,Regular,Full Flavor,SLI,KS,1,0
Bristol,Great Britain,PMI,Regular,Full Flavor,STD,KS,1,5
Nykoping,Sweden,PMI,Regular,Full Flavor,STD,KS,1,3
Luxor,Egypt,PMI,Regular,Full Flavor,STD,KS,1,4
St. Maarten Princess Juliana,Saint Marteen (NL),PMI,Menthol,Full Flavor,STD,KS,1,0
Sfax,Tunisia,PMI,Regular,Full Flavor,STD,KS,1,4
Kavala,Greece,PMI,Regular,Full Flavor,SLI,KS,1,8
Asyut,Egypt,PMI,Regular,Full Flavor,STD,KS,1,4
Port-au-Prince (Haiti),Caribbean Other,PMI,Regular,Full Flavor,STD,KS,1,3
Bydgoszcz,Poland,PMI,Regular,Full Flavor,STD,KS,1,6
Kagoshima,Japan,PMI,Regular,Full Flavor,STD,KS,1,9
Yanji Zhaoyangchuan,China,PMI,Menthol Caps,Full Flavor,STD,KS,1,4
Jeju,South Korea,PMI,Menthol,Full Flavor,STD,KS,1,1
Fortaleza,Brazil,PMI,Regular,Full Flavor,STD,KS,1,4
Samsun Airport,Turkey,PMI,NTD Caps,Full Flavor,STD,KS,1,11
Chubu,Japan,PMI,NTD Caps,Full Flavor,STD,KS,1,6
Thessaloniki,Greece,PMI,Regular,Full Flavor,STD,KS,1,8
Murcia,Spain,PMI,Regular,Full Flavor,SLI,KS,1,2
Yinchuan Hedong,China,PMI,Menthol Caps,Full Flavor,STD,KS,1,4
Alexandria,Egypt,PMI,Regular,Full Flavor,SLI,KS,1,1
Punta Cana - Higuey,Dominican Republic,PMI,Regular,Full Flavor,SLI,KS,1,2
Rabat,Morocco,PMI,Regular,Full Flavor,SLI,KS,1,1
Accra,Ghana,PMI,Regular,Full Flavor,STD,KS,1,0
Umea,Sweden,PMI,Regular,Full Flavor,STD,KS,1,3
Takamatsu,Japan,PMI,NTD Caps,Full Flavor,STD,KS,1,6
Sochi,Russia,PMI,Regular,Full Flavor,STD,KS,1,6
Kigali,Rwanda,PMI,NTD Caps,Full Flavor,STD,KS,1,0
Casablanca,Morocco,PMI,NTD Caps,Full Flavor,STD,KS,1,5
Pamandzi,Mayotte,PMI,Regular,Full Flavor,STD,KS,1,0
Seoul,South Korea,PMI,Menthol,Full Flavor,STD,KS,1,1
Milan - Linate,Italy,PMI,Regular,Full Flavor,STD,KS,1,8
Montego Bay,Jamaica,PMI,Regular,Full Flavor,STD,KS,1,1
Yinchuan Hedong,China,PMI,Menthol,Full Flavor,STD,KS,1,3
Phnom Penh,Cambodia,PMI,NTD Caps,Full Flavor,STD,KS,1,0
Puerto Vallarta,Mexico,PMI,NTD Caps,Full Flavor,STD,KS,1,3
Hong Kong,Hong Kong,PMI,Menthol,Full Flavor,STD,KS,1,0
Mahon Airport,Spain,PMI,Regular,Full Flavor,SLI,KS,1,2
Kayseri Airport,Turkey,PMI,Regular,Full Flavor,STD,KS,1,15
Kayseri Airport,Turkey,PMI,NTD Caps,Full Flavor,STD,KS,1,10
Rotterdam,Netherlands,PMI,Regular,Full Flavor,STD,KS,1,1
Marrakech,Morocco,PMI,Regular,Full Flavor,SLI,KS,1,1
Kuwait,Kuwait,PMI,Menthol,Full Flavor,STD,KS,1,0
Cordoba,Argentina,PMI,NTD Caps,Full Flavor,STD,KS,1,1
Los Cabos,Mexico,PMI,Menthol,Full Flavor,STD,KS,1,1
Novosibirsk,Russia,PMI,Regular,Full Flavor,STD,KS,1,6
Xiamen Gaoqi,China,PMI,Menthol Caps,Full Flavor,STD,KS,1,4
Cayenne,French Guyana,PMI,Regular,Lights,STD,KS,1,0
Southampton,Great Britain,PMI,Regular,Full Flavor,STD,KS,1,5
Puerto Plata,Dominican Republic,PMI,Menthol,Full Flavor,STD,KS,1,2
Duesseldorf,Germany,PMI,Regular,Full Flavor,SLI,KS,1,5
Banja Luka,Bosnia-Herzegovinia,PMI,Regular,Full Flavor,STD,KS,1,2
Reus,Spain,PMI,Regular,Full Flavor,SLI,KS,1,2
Sharjah,United Arab Emirates,PMI,NTD Caps,Full Flavor,STD,KS,1,3
London Southend Airport,Great Britain,PMI,Regular,Full Flavor,SLI,KS,1,3
Dar Es Salaam,Tanzania,PMI,Menthol Caps,Full Flavor,STD,KS,1,1
Muan,South Korea,PMI,Menthol Caps,Full Flavor,STD,KS,1,1
Osaka - Kansai,Japan,PMI,Menthol,Full Flavor,STD,KS,1,4
Sfax,Tunisia,PMI,NTD Caps,Full Flavor,STD,KS,1,2
Hebei,China,PMI,NTD Caps,Full Flavor,STD,KS,1,6
Rzeszow,Poland,PMI,Regular,Full Flavor,SLI,KS,1,2
Sarajevo,Bosnia-Herzegovinia,PMI,Regular,Full Flavor,STD,KS,1,2
Chattrapati Shivaji,India,PMI,NTD Caps,Full Flavor,STD,KS,1,3
Vaxjo,Sweden,PMI,Regular,Full Flavor,STD,KS,1,3
Kayseri Airport,Turkey,PMI,Regular,Full Flavor,SLI,KS,1,8
Jerez De La Frontera,Spain DP,PMI,Regular,Full Flavor,SLI,KS,1,2
Urumchi Diwobao,China,PMI,Menthol,Full Flavor,STD,KS,1,3
Diyarbakir Airport,Turkey,PMI,Regular,Lights,STD,KS,1,1
Natal,Brazil,PMI,Regular,Full Flavor,SLI,KS,1,2
Rabil,Cape Verde,PMI,Regular,Full Flavor,SLI,KS,1,2
Bordeaux,France,PMI,Regular,Full Flavor,STD,KS,1,7
Chattrapati Shivaji,India,PMI,Regular,Full Flavor,STD,KS,1,4
Bodrum Airport,Turkey,PMI,NTD Caps,Full Flavor,STD,KS,1,11
Shizuoka,Japan,PMI,Menthol Caps,Full Flavor,STD,KS,1,3
Dubai,United Arab Emirates,PMI,NTD Caps,Ultralights,STD,KS,1,2
La Paz Manuel Marquez de Leon,Mexico,PMI,Menthol Caps,Full Flavor,STD,KS,1,3
Auckland,New Zealand,PMI,Regular,Full Flavor,STD,KS,1,2
Manas,Kyrgyzstan,PMI,Regular,Full Flavor,STD,KS,1,0
Cozumel,Mexico,PMI,NTD Caps,Full Flavor,STD,KS,1,3
Samos,Greece,PMI,Regular,Full Flavor,STD,KS,1,9
Kinshasa,"Congo, Rep. Dem.",PMI,Menthol Caps,Full Flavor,STD,KS,1,0
Bariloche,Argentina,PMI,NTD Caps,Full Flavor,STD,KS,1,1
Elblag,Poland,PMI,Regular,Full Flavor,STD,KS,1,5
Alicante,Spain DP,PMI,Regular,Full Flavor,SLI,KS,1,2
Busan - Kimhae,South Korea,PMI,Regular,Full Flavor,STD,KS,1,5
Taichung,Taiwan,PMI,Menthol,Full Flavor,STD,KS,1,1
St. George's Point Saline,Grenada,PMI,Regular,Full Flavor,SLI,KS,1,0
Beijing,China,PMI,Menthol,Full Flavor,STD,KS,1,3
Taichung,Taiwan,PMI,NTD Caps,Full Flavor,STD,KS,1,1
Hanoi,Vietnam,PMI,NTD Caps,Full Flavor,STD,KS,1,2
Abidjan,Ivory Coast,PMI,Menthol Caps,Full Flavor,STD,KS,1,0
Gaziantep Airport,Turkey,PMI,Regular,Full Flavor,SLI,KS,1,8
Lusaka,Zambia,PMI,Regular,Full Flavor,SLI,KS,1,0
Roland Garros,Reunion,PMI,Regular,Lights,STD,KS,1,0
Chongqing Jiangbei,China,PMI,NTD Caps,Full Flavor,STD,KS,1,6
RIYADH,Saudi Arabia,PMI,Regular,Full Flavor,STD,KS,1,2
Strasbourg,France DP,PMI,Regular,Full Flavor,STD,KS,1,8
Lyon Saint Exupery,France DP,PMI,Regular,Full Flavor,STD,KS,1,9
Almaty,Kazakhstan,PMI,Regular,Full Flavor,STD,KS,1,1
Exeter,Great Britain,PMI,Regular,Full Flavor,STD,KS,1,5
Luanda,Angola,PMI,Regular,Full Flavor,SLI,KS,1,0
Adana Airport,Turkey,PMI,NTD Caps,Full Flavor,STD,KS,1,11
Guangzhou Baiyun,China,PMI,Regular,Full Flavor,STD,KS,1,7
Sao Paulo - Guarulhos,Brazil,PMI,Menthol,Full Flavor,STD,KS,1,1
Nantes,France DP,PMI,Regular,Lights,STD,KS,1,2
Paris Orly,France,PMI,Regular,Full Flavor,STD,KS,1,7
Leopold Sedar Senghar,Senegal,PMI,NTD Caps,Full Flavor,STD,KS,1,0
Heraklion Airport,Greece,PMI,Regular,Lights,STD,KS,1,1
Montego Bay,Jamaica,PMI,Menthol,Full Flavor,STD,KS,1,1
Taipei - Taoyuan,Taiwan,PMI,NTD Caps,Full Flavor,STD,KS,1,1
Mexico City,Mexico,PMI,Menthol,Full Flavor,STD,KS,1,1
Bridgetown,Barbados,PMI,Menthol Caps,Full Flavor,STD,KS,1,0
Florianopolis,Brazil,PMI,NTD Caps,Full Flavor,STD,KS,1,3
Guadalajara,Mexico,PMI,Menthol Caps,Full Flavor,STD,KS,1,3
Panama Tocumen,Panama,PMI,Menthol,Full Flavor,STD,KS,1,0
Nairobi,Kenya,PMI,Regular,Full Flavor,STD,KS,1,1
Nice,France,PMI,Regular,Full Flavor,STD,KS,1,7
Jerba,Tunisia,PMI,Menthol Caps,Full Flavor,STD,KS,1,2
San Salvador Comalapa,El Salvador,PMI,Regular,Full Flavor,SLI,KS,1,0
Entebbe,Uganda,PMI,NTD Caps,Full Flavor,STD,KS,1,0
Belize City,Belize,PMI,NTD Caps,Full Flavor,STD,KS,1,0
Samana El Catey,Dominican Republic,PMI,Regular,Full Flavor,SLI,KS,1,1
Kaohsiung,Taiwan,PMI,Menthol,Full Flavor,STD,KS,1,1
Nador,Morocco,PMI,Regular,Full Flavor,STD,KS,1,5
Agadir,Morocco,PMI,Regular,Full Flavor,STD,KS,1,5
Djibouti,Djibouti,PMI,Regular,Full Flavor,STD,KS,1,0
Changsha Huanghua,China,PMI,NTD Caps,Full Flavor,STD,KS,1,6
Monterrey,Mexico,PMI,Regular,Full Flavor,SLI,KS,1,2
Cancun,Mexico,PMI,Regular,Full Flavor,SLI,KS,1,2
Sharjah,United Arab Emirates,PMI,Regular,Full Flavor,SLI,KS,1,2
Geneva,Switzerland,PMI,Regular,Full Flavor,SLI,KS,1,1
Brasilia,Brazil,PMI,Regular,Full Flavor,SLI,KS,1,2
Cukurova Airport,Turkey,PMI,Regular,Full Flavor,STD,KS,1,14
Sendai,Japan,PMI,Menthol Caps,Full Flavor,STD,KS,1,3
Phu Quok,Vietnam,PMI,NTD Caps,Full Flavor,STD,KS,1,2
Mitilini,Greece,PMI,Regular,Full Flavor,STD,KS,1,9
Recife,Brazil,PMI,Menthol,Full Flavor,STD,KS,1,1
Xian Xianyang,China,PMI,Menthol,Full Flavor,STD,KS,1,3
Skopje,Macedonia,PMI,Regular,Full Flavor,SLI,KS,1,1
Istanbul Airport,Turkey,PMI,Regular,Full Flavor,SLI,KS,1,8
Jeju,South Korea,PMI,Menthol Caps,Full Flavor,STD,KS,1,2
Xian Xianyang,China,PMI,Menthol Caps,Full Flavor,STD,KS,1,4
Sihanoukville,Cambodia,PMI,Regular,Full Flavor,STD,KS,1,1
Pengsheng,China,PMI,Regular,Full Flavor,STD,KS,1,7
Managua,Nicaragua,PMI,Regular,Full Flavor,SLI,KS,1,0
Hangzhou Xiaoshan,China,PMI,Regular,Full Flavor,STD,KS,1,7
Ras El Khaymah,United Arab Emirates,PMI,Regular,Ultralights,STD,KS,1,3
Zurich,Switzerland,PMI,Regular,Full Flavor,SLI,KS,1,1
Vientiane,Laos,PMI,Regular,Full Flavor,STD,KS,1,0
Aswan,Egypt,PMI,Menthol Caps,Full Flavor,STD,KS,1,1
Espargos,Cape Verde,PMI,Menthol Caps,Full Flavor,STD,KS,1,1
Fes,Morocco,PMI,Menthol,Full Flavor,STD,KS,1,1
Chitose,Japan,PMI,Menthol Caps,Full Flavor,STD,KS,1,3
Nykoping,Sweden,PMI,Regular,Full Flavor,SLI,KS,1,1
Takamatsu,Japan,PMI,Menthol Caps,Full Flavor,STD,KS,1,3
Hefei Xinqiao,China,PMI,Regular,Full Flavor,STD,KS,1,7
Marka,Jordan,PMI,Regular,Full Flavor,SLI,KS,1,2
Amsterdam - Schiphol,Netherlands,PMI,Regular,Full Flavor,STD,KS,1,1
Kilimanjaro,Tanzania,PMI,NTD Caps,Full Flavor,STD,KS,1,1
Sendai,Japan,PMI,NTD Caps,Full Flavor,STD,KS,1,6
Luxor,Egypt,PMI,Regular,Full Flavor,SLI,KS,1,1
Yangon,Myanmar,PMI,NTD Caps,Full Flavor,STD,KS,1,1
Luanda,Angola,PMI,Regular,Full Flavor,STD,KS,1,0
Cam Ranh,Vietnam,PMI,Menthol Caps,Full Flavor,STD,KS,1,1
Cozumel,Mexico,PMI,Menthol Caps,Full Flavor,STD,KS,1,3
Nanning Wuxu,China,PMI,Menthol Caps,Full Flavor,STD,KS,1,4
Zanzibar,Tanzania,PMI,Menthol Caps,Full Flavor,STD,KS,1,1
Madrid Barajas,Spain,PMI,Regular,Full Flavor,STD,KS,1,7
DAMMAM,Saudi Arabia,PMI,Regular,Full Flavor,SLI,KS,1,2
Mendoza,Argentina,PMI,Regular,Full Flavor,SLI,KS,1,2
Vigo,Spain,PMI,Regular,Full Flavor,SLI,KS,1,2
Fukuoka,Japan,PMI,Menthol Caps,Full Flavor,STD,KS,1,3
Muscat,Oman,PMI,Regular,Full Flavor,STD,KS,1,1
Split,Croatia,PMI,Regular,Full Flavor,STD,KS,1,1
Dubrovnik,Croatia,PMI,Regular,Full Flavor,STD,KS,1,1
Toulouse,France,PMI,Regular,Full Flavor,SLI,KS,1,2
Fort-de-France,Martinique,PMI,Regular,Full Flavor,SLI,KS,1,0
Douala,Cameroon,PMI,Regular,Full Flavor,STD,KS,1,0
London Southend Airport,Great Britain,PMI,Regular,Full Flavor,STD,KS,1,5
Kingston,Jamaica,PMI,Menthol,Full Flavor,STD,KS,1,1
Trabzon Airport,Turkey,PMI,Menthol Caps,Full Flavor,STD,KS,1,5
Phu Quok,Vietnam,PMI,Menthol Caps,Full Flavor,STD,KS,1,1
Asuncion Silvio Petterossi,Paraguay,PMI,Regular,Full Flavor,SLI,KS,1,0
Phu Quok,Vietnam,PMI,Menthol,Full Flavor,STD,KS,1,1
Cancun,Mexico,PMI,NTD Caps,Full Flavor,STD,KS,1,3
Macau,Macau,PMI,Menthol,Full Flavor,STD,KS,1,0
Ras El Khaymah,United Arab Emirates,PMI,NTD Caps,Ultralights,STD,KS,1,1
Hanoi,Vietnam,PMI,Menthol Caps,Full Flavor,STD,KS,1,1
Toulouse,France DP,PMI,Regular,Full Flavor,STD,KS,1,8
Athens,Greece,PMI,Regular,Lights,STD,KS,1,1
Skiathos,Greece,PMI,Regular,Full Flavor,SLI,KS,1,8
Chubu,Japan,PMI,Menthol Caps,Full Flavor,STD,KS,1,3
Samara,Russia,PMI,Regular,Full Flavor,STD,KS,1,6
Ras El Khaymah,United Arab Emirates,PMI,Regular,Full Flavor,STD,KS,1,2
Tel-Aviv,Israel,PMI,Menthol Caps,Full Flavor,STD,KS,1,0
Abu Dhabi,United Arab Emirates,PMI,Regular,Full Flavor,STD,KS,1,2
Porto Alegre,Brazil,PMI,Regular,Full Flavor,STD,KS,1,4
Shannon,Ireland,PMI,Regular,Full Flavor,SLI,KS,1,1
Zagreb,Croatia,PMI,Regular,Full Flavor,STD,KS,1,1
Kaohsiung,Taiwan,PMI,Menthol Caps,Full Flavor,STD,KS,1,1
Port-au-Prince (Haiti),Caribbean Other,PMI,Menthol,Full Flavor,STD,KS,1,2
Aarhus,Denmark,PMI,Regular,Full Flavor,SLI,KS,1,3
Kutahya Airport,Turkey,PMI,Regular,Full Flavor,STD,KS,1,14
Nairobi,Kenya,PMI,Regular,Full Flavor,SLI,KS,1,1
Okayama,Japan,PMI,Menthol Caps,Full Flavor,STD,KS,1,3
Kingston,Jamaica,PMI,Regular,Full Flavor,SLI,KS,1,1
Urumchi Diwobao,China,PMI,Menthol Caps,Full Flavor,STD,KS,1,4
Mahon Airport,Spain DP,PMI,Regular,Full Flavor,SLI,KS,1,2
Shanghai Hongqiao,China,PMI,Menthol Caps,Full Flavor,STD,KS,1,4
Harbin Taiping,China,PMI,Menthol Caps,Full Flavor,STD,KS,1,4
Niamey,Niger,PMI,Regular,Full Flavor,STD,KS,1,0
San Salvador Comalapa,El Salvador,PMI,NTD Caps,Full Flavor,STD,KS,1,0
Florence,Italy,PMI,Regular,Full Flavor,STD,KS,1,8
Erbil International Airport,Iraq,PMI,Regular,Full Flavor,STD,KS,1,2
Seoul,South Korea,PMI,Regular,Full Flavor,STD,KS,1,5
Naples,Italy,PMI,Regular,Full Flavor,STD,KS,1,8
Chambery,France DP,PMI,Regular,Full Flavor,STD,KS,1,9
Dalian Zhoushuizi,China,PMI,Menthol,Full Flavor,STD,KS,1,3
Weihai Dashuibo,China,PMI,NTD Caps,Full Flavor,STD,KS,1,6
Montpellier,France,PMI,Regular,Full Flavor,SLI,KS,1,2
Cancun,Mexico,PMI,Menthol Caps,Full Flavor,STD,KS,1,3
Jomo Kenyatta,Kenya,PMI,Menthol Caps,Full Flavor,STD,KS,1,0
Banja Luka,Bosnia-Herzegovinia,PMI,NTD Caps,Full Flavor,STD,KS,1,1
Male,Maldives,PMI,NTD Caps,Full Flavor,STD,KS,1,0
Sarajevo,Bosnia-Herzegovinia,PMI,NTD Caps,Full Flavor,STD,KS,1,1
Antigua,Caribbean Other,PMI,NTD Caps,Full Flavor,STD,KS,1,2
Buenos Aires - Ezeiza,Argentina,PMI,Regular,Full Flavor,STD,KS,1,1
Marseille,France DP,PMI,Regular,Full Flavor,SLI,KS,1,2
Cairo,Egypt,PMI,NTD Caps,Full Flavor,STD,KS,1,1
Suleymania Airport,Iraq,PMI,NTD Caps,Full Flavor,STD,KS,1,2
Kunming Wujiaba,China,PMI,Menthol,Full Flavor,STD,KS,1,3
Katowice,Poland,PMI,Regular,Full Flavor,SLI,KS,1,2
Santander,Spain,PMI,Regular,Full Flavor,STD,KS,1,6
Manama,Bahrain,PMI,Regular,Ultralights,STD,KS,1,0
Phnom Penh,Cambodia,PMI,Menthol Caps,Full Flavor,STD,KS,1,1
Karpathos,Greece,PMI,Regular,Full Flavor,SLI,KS,1,8
Gibraltar,Gibraltar,PMI,Regular,Full Flavor,SLI,KS,1,0
Bergen,Norway,PMI,Regular,Full Flavor,STD,KS,1,3
Natal,Brazil,PMI,Menthol,Full Flavor,STD,KS,1,1
Beirut - Rafik Hariri,Lebanon,PMI,Regular,Full Flavor,SLI,KS,1,0
Rabat,Morocco,PMI,Regular,Full Flavor,STD,KS,1,5
La Romana,Dominican Republic,PMI,NTD Caps,Full Flavor,STD,KS,1,3
Hiroshima,Japan,PMI,NTD Caps,Full Flavor,STD,KS,1,6
Tashkent,Uzbekistan,PMI,Regular,Full Flavor,STD,KS,1,0
San Salvador Comalapa,El Salvador,PMI,Regular,Full Flavor,STD,KS,1,0
Ibiza,Spain DP,PMI,Regular,Full Flavor,SLI,KS,1,2
Banja Luka,Bosnia-Herzegovinia,PMI,Regular,Full Flavor,SLI,KS,1,2
Ngurah Rai,Indonesia,PMI,Menthol Caps,Full Flavor,STD,KS,1,1
Jerba,Tunisia,PMI,Regular,Full Flavor,STD,KS,1,4
Chitose,Japan,PMI,Menthol,Full Flavor,STD,KS,1,4
Eindhoven,Netherlands,PMI,Regular,Full Flavor,STD,KS,1,1
Moscow - Sheremetyevo,Russia,PMI,Menthol Caps,Full Flavor,STD,KS,1,1
Munich,Germany,PMI,Regular,Full Flavor,SLI,KS,1,5
Kunming Wujiaba,China,PMI,NTD Caps,Full Flavor,STD,KS,1,6
Kuala Lumpur,Malaysia,PMI,NTD Caps,Full Flavor,STD,KS,1,1
Lisbon,Portugal,PMI,Regular,Full Flavor,SLI,KS,1,1
Brussels,Belgium,PMI,Regular,Full Flavor,STD,KS,1,1
RIYADH,Saudi Arabia,PMI,NTD Caps,Full Flavor,STD,KS,1,2
Osaka - Kansai,Japan,PMI,Menthol Caps,Full Flavor,STD,KS,1,3
Sao Paulo - Guarulhos,Brazil,PMI,Regular,Full Flavor,STD,KS,1,4
Cheongju,South Korea,PMI,Regular,Lights,SLI,KS,1,1
Doha,Qatar,PMI,Menthol Caps,Full Flavor,STD,KS,1,0
Bydgoszcz,Poland,PMI,Regular,Full Flavor,SLI,KS,1,2
Enfidha,Tunisia,PMI,Regular,Full Flavor,STD,KS,1,5
Taipei - Taoyuan,Taiwan,PMI,Regular,Full Flavor,STD,KS,1,1
Bangalore,India,PMI,Regular,Full Flavor,STD,KS,1,4
Montevideo,Uruguay,PMI,Regular,Full Flavor,STD,KS,1,1
Praia,Cape Verde,PMI,Regular,Full Flavor,STD,KS,1,1
Granada,Spain,PMI,Regular,Full Flavor,SLI,KS,1,2
Porto Alegre,Brazil,PMI,Menthol,Full Flavor,STD,KS,1,1
Puerto Plata,Dominican Republic,PMI,Menthol Caps,Full Flavor,STD,KS,1,3
Makhachkala,Russia,PMI,Regular,Full Flavor,STD,KS,1,7
St. George's Point Saline,Grenada,PMI,Menthol Caps,Full Flavor,STD,KS,1,0
Warsaw-Modlin,Poland,PMI,Regular,Full Flavor,SLI,KS,1,2
Puerto Vallarta,Mexico,PMI,Menthol Caps,Full Flavor,STD,KS,1,3
Salvador,Brazil,PMI,NTD Caps,Full Flavor,STD,KS,1,3
La Paz Manuel Marquez de Leon,Mexico,PMI,Regular,Full Flavor,SLI,KS,1,2
Humberside,Great Britain,PMI,Regular,Full Flavor,STD,KS,1,4
Guatemala City,Guatemala,PMI,NTD Caps,Full Flavor,STD,KS,1,0
Los Cabos,Mexico,PMI,NTD Caps,Full Flavor,STD,KS,1,3
Busan - Kimhae,South Korea,PMI,Regular,Full Flavor,SLI,KS,1,2
Managua,Nicaragua,PMI,Menthol Caps,Full Flavor,STD,KS,1,0
Antalya Gazipasa Airport,Turkey,PMI,Regular,Full Flavor,SLI,KS,1,8
Sierra Leone,Sierra Leone,PMI,Regular,Full Flavor,STD,KS,1,0
Lille,France,PMI,Regular,Full Flavor,SLI,KS,1,2
Brno,Czech Republic,PMI,Regular,Full Flavor,STD,KS,1,2
Phnom Penh,Cambodia,PMI,Menthol,Full Flavor,STD,KS,1,1
Beauvais,France DP,PMI,Regular,Full Flavor,STD,KS,1,8
Abu Dhabi,United Arab Emirates,PMI,Menthol Caps,Full Flavor,STD,KS,1,1
Astrakhan,Russia,PMI,Menthol,Full Flavor,STD,KS,1,1
Jinan Xiaoqiang,China,PMI,Menthol,Full Flavor,STD,KS,1,3
Guadalajara,Mexico,PMI,Regular,Full Flavor,STD,KS,1,6
Salzburg,Austria,PMI,Regular,Full Flavor,STD,KS,1,1
Valencia,Spain DP,PMI,Regular,Full Flavor,SLI,KS,1,2
Marsa Aalam,Egypt,PMI,Regular,Full Flavor,STD,KS,1,4
Nice,France,PMI,Regular,Lights,STD,KS,1,2
Asturias,Spain,PMI,Regular,Full Flavor,SLI,KS,1,2
Okayama,Japan,PMI,Menthol,Full Flavor,STD,KS,1,4
Changsha Huanghua,China,PMI,Menthol Caps,Full Flavor,STD,KS,1,4
Dortmund,Germany,PMI,Regular,Full Flavor,STD,KS,1,6
La Romana,Dominican Republic,PMI,Menthol,Full Flavor,STD,KS,1,2
Brno,Czech Republic,PMI,Regular,Full Flavor,SLI,KS,1,1
Buenos Aires - Ezeiza,Argentina,PMI,Regular,Full Flavor,SLI,KS,1,2
Cape Town,South Africa,PMI,Regular,Full Flavor,SLI,KS,1,1
Abuja,Nigeria,PMI,NTD Caps,Full Flavor,STD,KS,1,1
Baku,Azerbaijan,PMI,Regular,Full Flavor,SLI,KS,1,0
Paris Charles De Gaulle,France,PMI,Regular,Full Flavor,SLI,KS,1,2
Sandefjord-Torp,Norway,PMI,Regular,Full Flavor,STD,KS,1,3
Dalaman Airport,Turkey,PMI,NTD Caps,Full Flavor,STD,KS,1,11
Santorini,Greece,PMI,Regular,Full Flavor,STD,KS,1,9
Wroclaw,Poland,PMI,Regular,Full Flavor,SLI,KS,1,2
Tarbes - Lourdes,France,PMI,Regular,Full Flavor,SLI,KS,1,2
Christchurch,New Zealand,PMI,NTD Caps,Full Flavor,STD,KS,1,1
Port Louis,Mauritius,PMI,Regular,Full Flavor,STD,KS,1,0
Strasbourg,France,PMI,Regular,Full Flavor,STD,KS,1,6
Adana Airport,Turkey,PMI,Regular,Full Flavor,STD,KS,1,14
Ho Chi Minh,Vietnam,PMI,Menthol,Full Flavor,STD,KS,1,1
Nanchang Changbei,China,PMI,NTD Caps,Full Flavor,STD,KS,1,6
Tbilisi,Georgia,PMI,Regular,Full Flavor,SLI,KS,1,1
Recife,Brazil,PMI,Menthol Caps,Full Flavor,STD,KS,1,2
Tel-Aviv,Israel,PMI,Regular,Ultralights,STD,KS,1,0
Corfu,Greece,PMI,Regular,Lights,STD,KS,1,1
Basseterre (Saint Kitts),Caribbean Other,PMI,Regular,Full Flavor,STD,KS,1,3
Grenoble,France,PMI,Regular,Full Flavor,STD,KS,1,6
Enfidha,Tunisia,PMI,Menthol,Full Flavor,STD,KS,1,1
Vienna,Austria,PMI,Regular,Full Flavor,SLI,KS,1,1
Taipei - Taoyuan,Taiwan,PMI,Menthol Caps,Full Flavor,SLI,KS,1,1
Basseterre (Saint Kitts),Caribbean Other,PMI,NTD Caps,Full Flavor,STD,KS,1,2
Madrid Barajas,Spain,PMI,Regular,Full Flavor,SLI,KS,1,2
Podgorica,Montenegro,PMI,Regular,Full Flavor,STD,KS,1,0
Antalya Airport,Turkey,PMI,NTD Caps,Full Flavor,STD,KS,1,11
Shenyang Taoxian,China,PMI,NTD Caps,Full Flavor,STD,KS,1,6
Weihai Dashuibo,China,PMI,Regular,Full Flavor,STD,KS,1,7
Puerto Vallarta,Mexico,PMI,Menthol,Full Flavor,STD,KS,1,1
Sharjah,United Arab Emirates,PMI,Regular,Ultralights,STD,KS,1,2
Asyut,Egypt,PMI,Menthol Caps,Full Flavor,STD,KS,1,1
Casablanca,Morocco,PMI,Menthol Caps,Full Flavor,STD,KS,1,1
Porto,Portugal,PMI,Regular,Full Flavor,SLI,KS,1,1
